[
    {
        "pk": 2, 
        "model": "menus.allergen", 
        "fields": {
            "name_short": "B", 
            "name": "Eier", 
            "use_for_menu": true
        }
    }, 
    {
        "pk": 7, 
        "model": "menus.allergen", 
        "fields": {
            "name_short": "G", 
            "name": "Erdn\u00fcsse", 
            "use_for_menu": true
        }
    }, 
    {
        "pk": 6, 
        "model": "menus.allergen", 
        "fields": {
            "name_short": "F", 
            "name": "Fisch", 
            "use_for_menu": true
        }
    }, 
    {
        "pk": 1, 
        "model": "menus.allergen", 
        "fields": {
            "name_short": "A", 
            "name": "glutenhaltiges Getreide", 
            "use_for_menu": true
        }
    }, 
    {
        "pk": 3, 
        "model": "menus.allergen", 
        "fields": {
            "name_short": "C", 
            "name": "Milch", 
            "use_for_menu": true
        }
    }, 
    {
        "pk": 9, 
        "model": "menus.allergen", 
        "fields": {
            "name_short": "J", 
            "name": "Schalenfr\u00fcchte", 
            "use_for_menu": true
        }
    }, 
    {
        "pk": 11, 
        "model": "menus.allergen", 
        "fields": {
            "name_short": "L", 
            "name": "Schwefeldioxid oder Sulfit", 
            "use_for_menu": true
        }
    }, 
    {
        "pk": 5, 
        "model": "menus.allergen", 
        "fields": {
            "name_short": "E", 
            "name": "Sellerie", 
            "use_for_menu": true
        }
    }, 
    {
        "pk": 4, 
        "model": "menus.allergen", 
        "fields": {
            "name_short": "D", 
            "name": "Senf", 
            "use_for_menu": true
        }
    }, 
    {
        "pk": 10, 
        "model": "menus.allergen", 
        "fields": {
            "name_short": "K", 
            "name": "Sesamsamen", 
            "use_for_menu": true
        }
    }, 
    {
        "pk": 8, 
        "model": "menus.allergen", 
        "fields": {
            "name_short": "H", 
            "name": "Soja", 
            "use_for_menu": true
        }
    }, 
    {
        "pk": 12, 
        "model": "menus.allergen", 
        "fields": {
            "name_short": "Tomate", 
            "name": "Tomate", 
            "use_for_menu": true
        }
    }, 
    {
        "pk": 1, 
        "model": "menus.additional", 
        "fields": {
            "name_short": "1", 
            "name": "Konservierungsstoffe", 
            "sortKey": 11
        }
    }, 
    {
        "pk": 2, 
        "model": "menus.additional", 
        "fields": {
            "name_short": "2", 
            "name": "Farbstoffe", 
            "sortKey": 12
        }
    }, 
    {
        "pk": 3, 
        "model": "menus.additional", 
        "fields": {
            "name_short": "3", 
            "name": "Geschmackverst\u00e4rker", 
            "sortKey": 13
        }
    }, 
    {
        "pk": 4, 
        "model": "menus.additional", 
        "fields": {
            "name_short": "4", 
            "name": "gewachst", 
            "sortKey": 14
        }
    }, 
    {
        "pk": 5, 
        "model": "menus.additional", 
        "fields": {
            "name_short": "5", 
            "name": "Antioxidationsmittel", 
            "sortKey": 15
        }
    }, 
    {
        "pk": 6, 
        "model": "menus.additional", 
        "fields": {
            "name_short": "6", 
            "name": "Stabilisator", 
            "sortKey": 16
        }
    }, 
    {
        "pk": 7, 
        "model": "menus.additional", 
        "fields": {
            "name_short": "7", 
            "name": "S\u00fc\u00dfungsmittel", 
            "sortKey": 17
        }
    }, 
    {
        "pk": 8, 
        "model": "menus.additional", 
        "fields": {
            "name_short": "8", 
            "name": "Mit einer Zuckerart und S\u00fc\u00dfungsmittel", 
            "sortKey": 18
        }
    }, 
    {
        "pk": 9, 
        "model": "menus.additional", 
        "fields": {
            "name_short": "9", 
            "name": "S\u00e4uerungsmittel", 
            "sortKey": 19
        }
    }, 
    {
        "pk": 10, 
        "model": "menus.additional", 
        "fields": {
            "name_short": "20", 
            "name": "Tomaten", 
            "sortKey": 20
        }
    }, 
    {
        "pk": 1, 
        "model": "menus.mealtime", 
        "fields": {
            "name_short": "F", 
            "name": "Fr\u00fchst\u00fcck", 
            "sortKey": 10
        }
    }, 
    {
        "pk": 2, 
        "model": "menus.mealtime", 
        "fields": {
            "name_short": "M", 
            "name": "Mittagessen", 
            "sortKey": 20
        }
    }, 
    {
        "pk": 3, 
        "model": "menus.mealtime", 
        "fields": {
            "name_short": "V", 
            "name": "Vesper", 
            "sortKey": 30
        }
    }, 
    {
        "pk": 1, 
        "model": "menus.meal", 
        "fields": {
            "order_time_limit": "23:59:59", 
            "name": "Fr\u00fchst\u00fcck", 
            "order_day_limit": 30, 
            "sortKey": 10, 
            "name_public_menu": "Fr\u00fchst\u00fcck", 
            "cancel_day_limit_days": 0, 
            "name_pos_app": "Fr\u00fchst\u00fcck", 
            "name_short": "F", 
            "deleted": false, 
            "cancel_time_limit": "08:00:00", 
            "allow_order": true, 
            "order_day_limit_days": 27, 
            "mealtime": 1, 
            "cancel_day_limit": 10
        }
    }, 
    {
        "pk": 2, 
        "model": "menus.meal", 
        "fields": {
            "order_time_limit": "23:59:59", 
            "name": "Mittag 1", 
            "order_day_limit": 30, 
            "sortKey": 20, 
            "name_public_menu": "Mittagessen 1", 
            "cancel_day_limit_days": 0, 
            "name_pos_app": "Mittag 1", 
            "name_short": "M1", 
            "deleted": false, 
            "cancel_time_limit": "08:00:00", 
            "allow_order": true, 
            "order_day_limit_days": 27, 
            "mealtime": 2, 
            "cancel_day_limit": 10
        }
    }, 
    {
        "pk": 3, 
        "model": "menus.meal", 
        "fields": {
            "order_time_limit": "23:59:59", 
            "name": "Mittag 2", 
            "order_day_limit": 30, 
            "sortKey": 21, 
            "name_public_menu": "Mittagessen 2", 
            "cancel_day_limit_days": 0, 
            "name_pos_app": "Mittag 2", 
            "name_short": "M2", 
            "deleted": false, 
            "cancel_time_limit": "08:00:00", 
            "allow_order": true, 
            "order_day_limit_days": 27, 
            "mealtime": 2, 
            "cancel_day_limit": 10
        }
    }, 
    {
        "pk": 4, 
        "model": "menus.meal", 
        "fields": {
            "order_time_limit": "23:59:59", 
            "name": "Vesper", 
            "order_day_limit": 30, 
            "sortKey": 30, 
            "name_public_menu": "Vesper", 
            "cancel_day_limit_days": 0, 
            "name_pos_app": "Vesper", 
            "name_short": "V", 
            "deleted": false, 
            "cancel_time_limit": "08:00:00", 
            "allow_order": true, 
            "order_day_limit_days": 27, 
            "mealtime": 3, 
            "cancel_day_limit": 10
        }
    }, 
    {
        "pk": 1, 
        "model": "menus.mealperiod", 
        "fields": {
            "from_date": null, 
            "mealplan": 3, 
            "meal": 1, 
            "to_date": null
        }
    }, 
    {
        "pk": 2, 
        "model": "menus.mealperiod", 
        "fields": {
            "from_date": null, 
            "mealplan": 3, 
            "meal": 2, 
            "to_date": null
        }
    }, 
    {
        "pk": 3, 
        "model": "menus.mealperiod", 
        "fields": {
            "from_date": null, 
            "mealplan": 3, 
            "meal": 3, 
            "to_date": null
        }
    }, 
    {
        "pk": 4, 
        "model": "menus.mealperiod", 
        "fields": {
            "from_date": null, 
            "mealplan": 3, 
            "meal": 4, 
            "to_date": null
        }
    }, 
    {
        "pk": 5, 
        "model": "menus.mealperiod", 
        "fields": {
            "from_date": null, 
            "mealplan": 4, 
            "meal": 2, 
            "to_date": null
        }
    }, 
    {
        "pk": 6, 
        "model": "menus.mealperiod", 
        "fields": {
            "from_date": null, 
            "mealplan": 4, 
            "meal": 3, 
            "to_date": null
        }
    }, 
    {
        "pk": 7, 
        "model": "menus.mealperiod", 
        "fields": {
            "from_date": null, 
            "mealplan": 1, 
            "meal": 1, 
            "to_date": null
        }
    }, 
    {
        "pk": 8, 
        "model": "menus.mealperiod", 
        "fields": {
            "from_date": "2016-07-14", 
            "mealplan": 1, 
            "meal": 2, 
            "to_date": "2016-07-20"
        }
    }, 
    {
        "pk": 9, 
        "model": "menus.mealperiod", 
        "fields": {
            "from_date": "2016-07-12", 
            "mealplan": 1, 
            "meal": 2, 
            "to_date": "2016-07-12"
        }
    }, 
    {
        "pk": 2, 
        "model": "menus.mealplan", 
        "fields": {
            "name": "KITA Elbspatzen"
        }
    }, 
    {
        "pk": 3, 
        "model": "menus.mealplan", 
        "fields": {
            "name": "KITA Grieben"
        }
    }, 
    {
        "pk": 4, 
        "model": "menus.mealplan", 
        "fields": {
            "name": "KITA Regenbogenland"
        }
    }, 
    {
        "pk": 1, 
        "model": "menus.mealplan", 
        "fields": {
            "name": "Schule"
        }
    }, 
    {
        "pk": 352, 
        "model": "menus.menu", 
        "fields": {
            "allergens": [
                2, 
                1, 
                3
            ], 
            "order_timelimit": "2016-07-27T23:59:00", 
            "mealplan": 3, 
            "description": "Vesper", 
            "cancel_timelimit": "2016-08-05T08:00:00", 
            "disabled": false, 
            "additionals": [
                1, 
                6, 
                7, 
                8
            ], 
            "date": "2016-08-05", 
            "can_be_ordered": true, 
            "meal": 1
        }
    }, 
    {
        "pk": 347, 
        "model": "menus.menu", 
        "fields": {
            "allergens": [
                2, 
                1, 
                3
            ], 
            "order_timelimit": "2016-07-27T23:59:00", 
            "mealplan": null, 
            "description": "Fr\u00fchst\u00fcck", 
            "cancel_timelimit": "2016-08-04T08:00:00", 
            "disabled": false, 
            "additionals": [
                1, 
                2, 
                7
            ], 
            "date": "2016-08-04", 
            "can_be_ordered": true, 
            "meal": 1
        }
    }, 
    {
        "pk": 345, 
        "model": "menus.menu", 
        "fields": {
            "allergens": [
                2, 
                1, 
                3
            ], 
            "order_timelimit": "2016-07-27T23:59:00", 
            "mealplan": null, 
            "description": "Vesper", 
            "cancel_timelimit": "2016-08-03T08:00:00", 
            "disabled": false, 
            "additionals": [
                1, 
                6, 
                7, 
                8
            ], 
            "date": "2016-08-03", 
            "can_be_ordered": true, 
            "meal": 1
        }
    }, 
    {
        "pk": 346, 
        "model": "menus.menu", 
        "fields": {
            "allergens": [
                2, 
                1, 
                3
            ], 
            "order_timelimit": "2016-07-27T23:59:00", 
            "mealplan": null, 
            "description": "Vesper", 
            "cancel_timelimit": "2016-08-02T08:00:00", 
            "disabled": false, 
            "additionals": [
                1, 
                6, 
                7, 
                8
            ], 
            "date": "2016-08-02", 
            "can_be_ordered": true, 
            "meal": 1
        }
    }, 
    {
        "pk": 353, 
        "model": "menus.menu", 
        "fields": {
            "allergens": [
                2, 
                1
            ], 
            "order_timelimit": "2016-07-27T23:59:00", 
            "mealplan": null, 
            "description": "Gabelspaghetti Bolognese Kompott", 
            "cancel_timelimit": "2016-08-02T08:00:00", 
            "disabled": false, 
            "additionals": [
                1, 
                7
            ], 
            "date": "2016-08-02", 
            "can_be_ordered": true, 
            "meal": 2
        }
    }, 
    {
        "pk": 297, 
        "model": "menus.menu", 
        "fields": {
            "allergens": [
                2, 
                1, 
                3
            ], 
            "order_timelimit": "2016-06-27T23:59:00", 
            "mealplan": null, 
            "description": "Fr\u00fchst\u00fcck", 
            "cancel_timelimit": "2016-07-29T08:00:00", 
            "disabled": false, 
            "additionals": [
                1, 
                2, 
                7
            ], 
            "date": "2016-07-29", 
            "can_be_ordered": true, 
            "meal": 1
        }
    }, 
    {
        "pk": 339, 
        "model": "menus.menu", 
        "fields": {
            "allergens": [
                1
            ], 
            "order_timelimit": "2016-06-27T23:59:00", 
            "mealplan": null, 
            "description": "Hefekl\u00f6\u00dfe mit Pflaumenso\u00dfe", 
            "cancel_timelimit": "2016-07-29T08:00:00", 
            "disabled": false, 
            "additionals": [
                1, 
                7
            ], 
            "date": "2016-07-29", 
            "can_be_ordered": true, 
            "meal": 2
        }
    }, 
    {
        "pk": 344, 
        "model": "menus.menu", 
        "fields": {
            "allergens": [
                3
            ], 
            "order_timelimit": "2016-06-27T23:59:00", 
            "mealplan": null, 
            "description": "Geschnetzeltes vom Huhn mit Reis und Broccoli", 
            "cancel_timelimit": "2016-07-29T08:00:00", 
            "disabled": false, 
            "additionals": [
                1
            ], 
            "date": "2016-07-29", 
            "can_be_ordered": true, 
            "meal": 3
        }
    }, 
    {
        "pk": 302, 
        "model": "menus.menu", 
        "fields": {
            "allergens": [
                2, 
                1, 
                3
            ], 
            "order_timelimit": "2016-06-27T23:59:00", 
            "mealplan": null, 
            "description": "Vesper", 
            "cancel_timelimit": "2016-07-29T08:00:00", 
            "disabled": false, 
            "additionals": [
                1, 
                6, 
                7, 
                8
            ], 
            "date": "2016-07-29", 
            "can_be_ordered": true, 
            "meal": 4
        }
    }, 
    {
        "pk": 296, 
        "model": "menus.menu", 
        "fields": {
            "allergens": [
                2, 
                1, 
                3
            ], 
            "order_timelimit": "2016-06-27T23:59:00", 
            "mealplan": null, 
            "description": "Fr\u00fchst\u00fcck", 
            "cancel_timelimit": "2016-07-28T08:00:00", 
            "disabled": false, 
            "additionals": [
                1, 
                2, 
                7
            ], 
            "date": "2016-07-28", 
            "can_be_ordered": true, 
            "meal": 1
        }
    }, 
    {
        "pk": 338, 
        "model": "menus.menu", 
        "fields": {
            "allergens": [
                2, 
                1
            ], 
            "order_timelimit": "2016-06-27T23:59:00", 
            "mealplan": null, 
            "description": "Gabelspaghetti Bolognese Kompott", 
            "cancel_timelimit": "2016-07-28T08:00:00", 
            "disabled": false, 
            "additionals": [
                1, 
                7
            ], 
            "date": "2016-07-28", 
            "can_be_ordered": true, 
            "meal": 2
        }
    }, 
    {
        "pk": 343, 
        "model": "menus.menu", 
        "fields": {
            "allergens": [
                1
            ], 
            "order_timelimit": "2016-06-27T23:59:00", 
            "mealplan": null, 
            "description": "Bauerntopf mit Br\u00f6tchen Kompott ", 
            "cancel_timelimit": "2016-07-28T08:00:00", 
            "disabled": false, 
            "additionals": [
                1, 
                3, 
                7
            ], 
            "date": "2016-07-28", 
            "can_be_ordered": true, 
            "meal": 3
        }
    }, 
    {
        "pk": 301, 
        "model": "menus.menu", 
        "fields": {
            "allergens": [
                2, 
                1, 
                3
            ], 
            "order_timelimit": "2016-06-27T23:59:00", 
            "mealplan": null, 
            "description": "Vesper", 
            "cancel_timelimit": "2016-07-28T08:00:00", 
            "disabled": false, 
            "additionals": [
                1, 
                6, 
                7, 
                8
            ], 
            "date": "2016-07-28", 
            "can_be_ordered": true, 
            "meal": 4
        }
    }, 
    {
        "pk": 295, 
        "model": "menus.menu", 
        "fields": {
            "allergens": [
                2, 
                1, 
                3
            ], 
            "order_timelimit": "2016-06-27T23:59:00", 
            "mealplan": null, 
            "description": "Fr\u00fchst\u00fcck", 
            "cancel_timelimit": "2016-07-27T08:00:00", 
            "disabled": false, 
            "additionals": [
                1, 
                2, 
                7
            ], 
            "date": "2016-07-27", 
            "can_be_ordered": true, 
            "meal": 1
        }
    }, 
    {
        "pk": 337, 
        "model": "menus.menu", 
        "fields": {
            "allergens": [], 
            "order_timelimit": "2016-06-27T23:59:00", 
            "mealplan": null, 
            "description": "Schichtkohl mit Salzkartoffeln und So\u00dfe", 
            "cancel_timelimit": "2016-07-27T08:00:00", 
            "disabled": false, 
            "additionals": [
                1
            ], 
            "date": "2016-07-27", 
            "can_be_ordered": true, 
            "meal": 2
        }
    }, 
    {
        "pk": 342, 
        "model": "menus.menu", 
        "fields": {
            "allergens": [
                1, 
                9
            ], 
            "order_timelimit": "2016-06-27T23:59:00", 
            "mealplan": null, 
            "description": "Wei\u00dfe Bohnensuppe mit Brot", 
            "cancel_timelimit": "2016-07-27T08:00:00", 
            "disabled": false, 
            "additionals": [
                1
            ], 
            "date": "2016-07-27", 
            "can_be_ordered": true, 
            "meal": 3
        }
    }, 
    {
        "pk": 300, 
        "model": "menus.menu", 
        "fields": {
            "allergens": [
                2, 
                1, 
                3
            ], 
            "order_timelimit": "2016-06-27T23:59:00", 
            "mealplan": null, 
            "description": "Vesper", 
            "cancel_timelimit": "2016-07-27T08:00:00", 
            "disabled": false, 
            "additionals": [
                1, 
                6, 
                7, 
                8
            ], 
            "date": "2016-07-27", 
            "can_be_ordered": true, 
            "meal": 4
        }
    }, 
    {
        "pk": 294, 
        "model": "menus.menu", 
        "fields": {
            "allergens": [
                2, 
                1, 
                3
            ], 
            "order_timelimit": "2016-06-27T23:59:00", 
            "mealplan": null, 
            "description": "Fr\u00fchst\u00fcck", 
            "cancel_timelimit": "2016-07-26T08:00:00", 
            "disabled": false, 
            "additionals": [
                1, 
                2, 
                7
            ], 
            "date": "2016-07-26", 
            "can_be_ordered": true, 
            "meal": 1
        }
    }, 
    {
        "pk": 336, 
        "model": "menus.menu", 
        "fields": {
            "allergens": [
                2, 
                1, 
                3
            ], 
            "order_timelimit": "2016-06-27T23:59:00", 
            "mealplan": null, 
            "description": "Fr\u00fchst\u00fcck", 
            "cancel_timelimit": "2016-07-26T08:00:00", 
            "disabled": false, 
            "additionals": [
                1, 
                2, 
                7
            ], 
            "date": "2016-07-26", 
            "can_be_ordered": true, 
            "meal": 2
        }
    }, 
    {
        "pk": 341, 
        "model": "menus.menu", 
        "fields": {
            "allergens": [
                3
            ], 
            "order_timelimit": "2016-06-27T23:59:00", 
            "mealplan": null, 
            "description": "Kassler mit Ananas und K\u00e4se \u00fcberbacken, dazu Kartoffelgratin", 
            "cancel_timelimit": "2016-07-26T08:00:00", 
            "disabled": false, 
            "additionals": [
                1
            ], 
            "date": "2016-07-26", 
            "can_be_ordered": true, 
            "meal": 3
        }
    }, 
    {
        "pk": 299, 
        "model": "menus.menu", 
        "fields": {
            "allergens": [
                2, 
                1, 
                3
            ], 
            "order_timelimit": "2016-06-27T23:59:00", 
            "mealplan": null, 
            "description": "Vesper", 
            "cancel_timelimit": "2016-07-26T08:00:00", 
            "disabled": false, 
            "additionals": [
                1, 
                6, 
                7, 
                8
            ], 
            "date": "2016-07-26", 
            "can_be_ordered": true, 
            "meal": 4
        }
    }, 
    {
        "pk": 293, 
        "model": "menus.menu", 
        "fields": {
            "allergens": [
                2, 
                1, 
                3
            ], 
            "order_timelimit": "2016-06-27T23:59:00", 
            "mealplan": null, 
            "description": "Fr\u00fchst\u00fcck", 
            "cancel_timelimit": "2016-07-25T08:00:00", 
            "disabled": false, 
            "additionals": [
                1, 
                2, 
                7
            ], 
            "date": "2016-07-25", 
            "can_be_ordered": true, 
            "meal": 1
        }
    }, 
    {
        "pk": 335, 
        "model": "menus.menu", 
        "fields": {
            "allergens": [
                1, 
                3
            ], 
            "order_timelimit": "2016-06-27T23:59:00", 
            "mealplan": null, 
            "description": "Gem\u00fcseeintopf mit Quarkspeise und Brot", 
            "cancel_timelimit": "2016-07-25T08:00:00", 
            "disabled": false, 
            "additionals": [
                1, 
                7
            ], 
            "date": "2016-07-25", 
            "can_be_ordered": true, 
            "meal": 2
        }
    }, 
    {
        "pk": 340, 
        "model": "menus.menu", 
        "fields": {
            "allergens": [
                3, 
                12
            ], 
            "order_timelimit": "2016-06-27T23:59:00", 
            "mealplan": null, 
            "description": "Gem\u00fcsereispfanne mit So\u00dfe und Quarkspeise", 
            "cancel_timelimit": "2016-07-25T08:00:00", 
            "disabled": false, 
            "additionals": [
                1, 
                7, 
                10
            ], 
            "date": "2016-07-25", 
            "can_be_ordered": true, 
            "meal": 3
        }
    }, 
    {
        "pk": 298, 
        "model": "menus.menu", 
        "fields": {
            "allergens": [
                2, 
                1, 
                3
            ], 
            "order_timelimit": "2016-06-27T23:59:00", 
            "mealplan": null, 
            "description": "Vesper", 
            "cancel_timelimit": "2016-07-25T08:00:00", 
            "disabled": false, 
            "additionals": [
                1, 
                6, 
                7, 
                8
            ], 
            "date": "2016-07-25", 
            "can_be_ordered": true, 
            "meal": 4
        }
    }, 
    {
        "pk": 287, 
        "model": "menus.menu", 
        "fields": {
            "allergens": [
                2, 
                1, 
                3
            ], 
            "order_timelimit": "2016-06-27T23:59:00", 
            "mealplan": null, 
            "description": "Fr\u00fchst\u00fcck", 
            "cancel_timelimit": "2016-07-22T08:00:00", 
            "disabled": false, 
            "additionals": [
                1, 
                2, 
                7
            ], 
            "date": "2016-07-22", 
            "can_be_ordered": true, 
            "meal": 1
        }
    }, 
    {
        "pk": 333, 
        "model": "menus.menu", 
        "fields": {
            "allergens": [
                1, 
                3, 
                4
            ], 
            "order_timelimit": "2016-06-27T23:59:00", 
            "mealplan": null, 
            "description": "Nudelsalat mit gebratenen N\u00fcrnberger W\u00fcrstchen, Senf und Br\u00f6tchen Kompott", 
            "cancel_timelimit": "2016-07-22T08:00:00", 
            "disabled": false, 
            "additionals": [
                1, 
                7
            ], 
            "date": "2016-07-22", 
            "can_be_ordered": true, 
            "meal": 2
        }
    }, 
    {
        "pk": 334, 
        "model": "menus.menu", 
        "fields": {
            "allergens": [], 
            "order_timelimit": "2016-06-27T23:59:00", 
            "mealplan": null, 
            "description": "Schokosuppe mit Br\u00f6tchen Kompott", 
            "cancel_timelimit": "2016-07-22T08:00:00", 
            "disabled": false, 
            "additionals": [], 
            "date": "2016-07-22", 
            "can_be_ordered": true, 
            "meal": 3
        }
    }, 
    {
        "pk": 356, 
        "model": "menus.menu", 
        "fields": {
            "allergens": [], 
            "order_timelimit": "2016-06-27T23:59:00", 
            "mealplan": 1, 
            "description": "Schokosuppe mit Br\u00f6tchen Kompottt", 
            "cancel_timelimit": "2016-07-22T08:00:00", 
            "disabled": true, 
            "additionals": [], 
            "date": "2016-07-22", 
            "can_be_ordered": false, 
            "meal": 3
        }
    }, 
    {
        "pk": 292, 
        "model": "menus.menu", 
        "fields": {
            "allergens": [
                2, 
                1, 
                3
            ], 
            "order_timelimit": "2016-06-27T23:59:00", 
            "mealplan": null, 
            "description": "Vesper", 
            "cancel_timelimit": "2016-07-22T08:00:00", 
            "disabled": false, 
            "additionals": [
                1, 
                6, 
                7, 
                8
            ], 
            "date": "2016-07-22", 
            "can_be_ordered": true, 
            "meal": 4
        }
    }, 
    {
        "pk": 286, 
        "model": "menus.menu", 
        "fields": {
            "allergens": [
                2, 
                1, 
                3
            ], 
            "order_timelimit": "2016-06-27T23:59:00", 
            "mealplan": null, 
            "description": "Fr\u00fchst\u00fcck", 
            "cancel_timelimit": "2016-07-21T08:00:00", 
            "disabled": false, 
            "additionals": [
                1, 
                2, 
                7
            ], 
            "date": "2016-07-21", 
            "can_be_ordered": true, 
            "meal": 1
        }
    }, 
    {
        "pk": 331, 
        "model": "menus.menu", 
        "fields": {
            "allergens": [], 
            "order_timelimit": "2016-06-27T23:59:00", 
            "mealplan": null, 
            "description": "Hackbraten mit Buttererbsen, So\u00dfe und Salzkartoffeln ", 
            "cancel_timelimit": "2016-07-21T08:00:00", 
            "disabled": false, 
            "additionals": [
                1
            ], 
            "date": "2026-07-21",
            "can_be_ordered": true, 
            "meal": 2
        }
    }, 
    {
        "pk": 291, 
        "model": "menus.menu", 
        "fields": {
            "allergens": [
                2, 
                1, 
                3
            ], 
            "order_timelimit": "2016-06-27T23:59:00", 
            "mealplan": null, 
            "description": "Vesper", 
            "cancel_timelimit": "2016-07-21T08:00:00", 
            "disabled": false, 
            "additionals": [
                1, 
                6, 
                7, 
                8
            ], 
            "date": "2016-07-21", 
            "can_be_ordered": true, 
            "meal": 4
        }
    }, 
    {
        "pk": 285, 
        "model": "menus.menu", 
        "fields": {
            "allergens": [
                2, 
                1, 
                3
            ], 
            "order_timelimit": "2016-06-27T23:59:00", 
            "mealplan": null, 
            "description": "Fr\u00fchst\u00fcck", 
            "cancel_timelimit": "2016-07-20T08:00:00", 
            "disabled": false, 
            "additionals": [
                1, 
                2, 
                7
            ], 
            "date": "2016-07-20", 
            "can_be_ordered": true, 
            "meal": 1
        }
    }, 
    {
        "pk": 329, 
        "model": "menus.menu", 
        "fields": {
            "allergens": [
                2, 
                1, 
                3
            ], 
            "order_timelimit": "2016-06-27T23:59:00", 
            "mealplan": null, 
            "description": "Eierkuchen mit Heidelbeeren", 
            "cancel_timelimit": "2016-07-20T08:00:00", 
            "disabled": false, 
            "additionals": [
                1, 
                7
            ], 
            "date": "2026-07-20",
            "can_be_ordered": true, 
            "meal": 2
        }
    }, 
    {
        "pk": 330, 
        "model": "menus.menu", 
        "fields": {
            "allergens": [
                2, 
                1
            ], 
            "order_timelimit": "2016-06-27T23:59:00", 
            "mealplan": null, 
            "description": "Hochzeitsuppe mit Br\u00f6tchen", 
            "cancel_timelimit": "2016-07-20T08:00:00", 
            "disabled": false, 
            "additionals": [], 
            "date": "2016-07-20", 
            "can_be_ordered": true, 
            "meal": 3
        }
    }, 
    {
        "pk": 290, 
        "model": "menus.menu", 
        "fields": {
            "allergens": [
                2, 
                1, 
                3
            ], 
            "order_timelimit": "2016-06-27T23:59:00", 
            "mealplan": null, 
            "description": "Vesper", 
            "cancel_timelimit": "2016-07-20T08:00:00", 
            "disabled": false, 
            "additionals": [
                1, 
                6, 
                7, 
                8
            ], 
            "date": "2016-07-20", 
            "can_be_ordered": true, 
            "meal": 4
        }
    }, 
    {
        "pk": 284, 
        "model": "menus.menu", 
        "fields": {
            "allergens": [
                2, 
                1, 
                3
            ], 
            "order_timelimit": "2016-06-27T23:59:00", 
            "mealplan": null, 
            "description": "Fr\u00fchst\u00fcck", 
            "cancel_timelimit": "2016-07-19T08:00:00", 
            "disabled": false, 
            "additionals": [
                1, 
                2, 
                7
            ], 
            "date": "2016-07-19", 
            "can_be_ordered": true, 
            "meal": 1
        }
    }, 
    {
        "pk": 327, 
        "model": "menus.menu", 
        "fields": {
            "allergens": [
                3
            ], 
            "order_timelimit": "2016-06-27T23:59:00", 
            "mealplan": null, 
            "description": "H\u00fchnerfrikassee mit Reis und Roter Beete", 
            "cancel_timelimit": "2016-07-19T08:00:00", 
            "disabled": false, 
            "additionals": [], 
            "date": "2016-07-19", 
            "can_be_ordered": true, 
            "meal": 2
        }
    }, 
    {
        "pk": 328, 
        "model": "menus.menu", 
        "fields": {
            "allergens": [], 
            "order_timelimit": "2016-06-27T23:59:00", 
            "mealplan": null, 
            "description": "Krautgulasch mit Salzkartoffeln und So\u00dfe", 
            "cancel_timelimit": "2016-07-19T08:00:00", 
            "disabled": false, 
            "additionals": [
                1
            ], 
            "date": "2016-07-19", 
            "can_be_ordered": true, 
            "meal": 3
        }
    }, 
    {
        "pk": 289, 
        "model": "menus.menu", 
        "fields": {
            "allergens": [
                2, 
                1, 
                3
            ], 
            "order_timelimit": "2016-06-27T23:59:00", 
            "mealplan": null, 
            "description": "Vesper", 
            "cancel_timelimit": "2016-07-19T08:00:00", 
            "disabled": false, 
            "additionals": [
                1, 
                6, 
                7, 
                8
            ], 
            "date": "2016-07-19", 
            "can_be_ordered": true, 
            "meal": 4
        }
    }, 
    {
        "pk": 283, 
        "model": "menus.menu", 
        "fields": {
            "allergens": [
                2, 
                1, 
                3
            ], 
            "order_timelimit": "2016-06-27T23:59:00", 
            "mealplan": null, 
            "description": "Fr\u00fchst\u00fcck", 
            "cancel_timelimit": "2016-07-18T08:00:00", 
            "disabled": false, 
            "additionals": [
                1, 
                2, 
                7
            ], 
            "date": "2016-07-18", 
            "can_be_ordered": true, 
            "meal": 1
        }
    }, 
    {
        "pk": 365, 
        "model": "menus.menu", 
        "fields": {
            "allergens": [
                2, 
                3
            ], 
            "order_timelimit": "2016-07-17T23:59:00", 
            "mealplan": 1, 
            "description": "Eierragout mit Salzkartoffeln und Rohkostsalat Joghurt", 
            "cancel_timelimit": "2016-07-18T08:00:00", 
            "disabled": false, 
            "additionals": [], 
            "date": "2016-07-18", 
            "can_be_ordered": true, 
            "meal": 2
        }
    }, 
    {
        "pk": 325, 
        "model": "menus.menu", 
        "fields": {
            "allergens": [
                2, 
                3
            ], 
            "order_timelimit": "2016-06-27T23:59:00", 
            "mealplan": null, 
            "description": "Eierragout mit Salzkartoffeln und Rohkostsalat Joghurt", 
            "cancel_timelimit": "2016-07-18T08:00:00", 
            "disabled": false, 
            "additionals": [], 
            "date": "2016-07-18", 
            "can_be_ordered": true, 
            "meal": 2
        }
    }, 
    {
        "pk": 326, 
        "model": "menus.menu", 
        "fields": {
            "allergens": [
                1, 
                12
            ], 
            "order_timelimit": "2016-06-27T23:59:00", 
            "mealplan": null, 
            "description": "Tomatensuppe mit Reis und Joghurt ", 
            "cancel_timelimit": "2016-07-18T08:00:00", 
            "disabled": false, 
            "additionals": [
                1
            ], 
            "date": "2016-07-18", 
            "can_be_ordered": true, 
            "meal": 3
        }
    }, 
    {
        "pk": 288, 
        "model": "menus.menu", 
        "fields": {
            "allergens": [
                2, 
                1, 
                3
            ], 
            "order_timelimit": "2016-06-27T23:59:00", 
            "mealplan": null, 
            "description": "Vesper", 
            "cancel_timelimit": "2016-07-18T08:00:00", 
            "disabled": false, 
            "additionals": [
                1, 
                6, 
                7, 
                8
            ], 
            "date": "2016-07-18", 
            "can_be_ordered": true, 
            "meal": 4
        }
    }, 
    {
        "pk": 277, 
        "model": "menus.menu", 
        "fields": {
            "allergens": [
                2, 
                1, 
                3
            ], 
            "order_timelimit": "2016-06-27T23:59:00", 
            "mealplan": null, 
            "description": "Fr\u00fchst\u00fcck", 
            "cancel_timelimit": "2016-07-15T08:00:00", 
            "disabled": false, 
            "additionals": [
                1, 
                2, 
                7
            ], 
            "date": "2016-07-15", 
            "can_be_ordered": true, 
            "meal": 1
        }
    }, 
    {
        "pk": 319, 
        "model": "menus.menu", 
        "fields": {
            "allergens": [], 
            "order_timelimit": "2016-06-27T23:59:00", 
            "mealplan": null, 
            "description": "Grie\u00dfbrei mit Erdbeeren", 
            "cancel_timelimit": "2016-07-15T08:00:00", 
            "disabled": false, 
            "additionals": [
                1, 
                7
            ], 
            "date": "2016-07-15", 
            "can_be_ordered": true, 
            "meal": 2
        }
    }, 
    {
        "pk": 324, 
        "model": "menus.menu", 
        "fields": {
            "allergens": [], 
            "order_timelimit": "2016-06-27T23:59:00", 
            "mealplan": null, 
            "description": "Kohleintopf mit Wiener W\u00fcrstchen ", 
            "cancel_timelimit": "2016-07-15T08:00:00", 
            "disabled": false, 
            "additionals": [
                1, 
                3
            ], 
            "date": "2016-07-15", 
            "can_be_ordered": true, 
            "meal": 3
        }
    }, 
    {
        "pk": 282, 
        "model": "menus.menu", 
        "fields": {
            "allergens": [
                2, 
                1, 
                3
            ], 
            "order_timelimit": "2016-06-27T23:59:00", 
            "mealplan": null, 
            "description": "Vesper", 
            "cancel_timelimit": "2016-07-15T08:00:00", 
            "disabled": false, 
            "additionals": [
                1, 
                6, 
                7, 
                8
            ], 
            "date": "2016-07-15", 
            "can_be_ordered": true, 
            "meal": 4
        }
    }, 
    {
        "pk": 276, 
        "model": "menus.menu", 
        "fields": {
            "allergens": [
                2, 
                1, 
                3
            ], 
            "order_timelimit": "2016-06-27T23:59:00", 
            "mealplan": null, 
            "description": "Fr\u00fchst\u00fcck", 
            "cancel_timelimit": "2016-07-14T08:00:00", 
            "disabled": false, 
            "additionals": [
                1, 
                2, 
                7
            ], 
            "date": "2016-07-14", 
            "can_be_ordered": true, 
            "meal": 1
        }
    }, 
    {
        "pk": 318, 
        "model": "menus.menu", 
        "fields": {
            "allergens": [], 
            "order_timelimit": "2016-06-27T23:59:00", 
            "mealplan": null, 
            "description": "Kohlroulade mit Salzkartoffeln und So\u00dfe Banane", 
            "cancel_timelimit": "2016-07-14T08:00:00", 
            "disabled": false, 
            "additionals": [
                1
            ], 
            "date": "2016-07-14", 
            "can_be_ordered": true, 
            "meal": 2
        }
    }, 
    {
        "pk": 323, 
        "model": "menus.menu", 
        "fields": {
            "allergens": [
                1, 
                3
            ], 
            "order_timelimit": "2016-06-27T23:59:00", 
            "mealplan": null, 
            "description": "Salat mit Hirtenk\u00e4se und Wei\u00dfbrot Banane", 
            "cancel_timelimit": "2016-07-14T08:00:00", 
            "disabled": false, 
            "additionals": [
                10
            ], 
            "date": "2016-07-14", 
            "can_be_ordered": true, 
            "meal": 3
        }
    }, 
    {
        "pk": 281, 
        "model": "menus.menu", 
        "fields": {
            "allergens": [
                2, 
                1, 
                3
            ], 
            "order_timelimit": "2016-06-27T23:59:00", 
            "mealplan": null, 
            "description": "Vesper", 
            "cancel_timelimit": "2016-07-14T08:00:00", 
            "disabled": false, 
            "additionals": [
                1, 
                6, 
                7, 
                8
            ], 
            "date": "2016-07-14", 
            "can_be_ordered": true, 
            "meal": 4
        }
    }, 
    {
        "pk": 275, 
        "model": "menus.menu", 
        "fields": {
            "allergens": [
                2, 
                1, 
                3
            ], 
            "order_timelimit": "2016-06-27T23:59:00", 
            "mealplan": null, 
            "description": "Fr\u00fchst\u00fcck", 
            "cancel_timelimit": "2016-07-13T08:00:00", 
            "disabled": false, 
            "additionals": [
                1, 
                2, 
                7
            ], 
            "date": "2016-07-13", 
            "can_be_ordered": true, 
            "meal": 1
        }
    }, 
    {
        "pk": 317, 
        "model": "menus.menu", 
        "fields": {
            "allergens": [], 
            "order_timelimit": "2016-06-27T23:59:00", 
            "mealplan": null, 
            "description": "H\u00e4hnchenschnitzel mit M\u00f6hrengem\u00fcse und Reis", 
            "cancel_timelimit": "2016-07-13T08:00:00", 
            "disabled": false, 
            "additionals": [], 
            "date": "2016-07-13", 
            "can_be_ordered": true, 
            "meal": 2
        }
    }, 
    {
        "pk": 322, 
        "model": "menus.menu", 
        "fields": {
            "allergens": [], 
            "order_timelimit": "2016-06-27T23:59:00", 
            "mealplan": null, 
            "description": "Erbsensuppe mit Knacker und Brot", 
            "cancel_timelimit": "2016-07-13T08:00:00", 
            "disabled": false, 
            "additionals": [
                1, 
                3
            ], 
            "date": "2016-07-13", 
            "can_be_ordered": true, 
            "meal": 3
        }
    }, 
    {
        "pk": 280, 
        "model": "menus.menu", 
        "fields": {
            "allergens": [
                2, 
                1, 
                3
            ], 
            "order_timelimit": "2016-06-27T23:59:00", 
            "mealplan": null, 
            "description": "Vesper", 
            "cancel_timelimit": "2016-07-13T08:00:00", 
            "disabled": false, 
            "additionals": [
                1, 
                6, 
                7, 
                8
            ], 
            "date": "2016-07-13", 
            "can_be_ordered": true, 
            "meal": 4
        }
    }, 
    {
        "pk": 274, 
        "model": "menus.menu", 
        "fields": {
            "allergens": [
                2, 
                1, 
                3
            ], 
            "order_timelimit": "2016-06-27T23:59:00", 
            "mealplan": null, 
            "description": "Fr\u00fchst\u00fcck", 
            "cancel_timelimit": "2016-07-12T08:00:00", 
            "disabled": false, 
            "additionals": [
                1, 
                2, 
                7
            ], 
            "date": "2016-07-12", 
            "can_be_ordered": true, 
            "meal": 1
        }
    }, 
    {
        "pk": 316, 
        "model": "menus.menu", 
        "fields": {
            "allergens": [], 
            "order_timelimit": "2016-06-27T23:59:00", 
            "mealplan": null, 
            "description": "Schweinebraten mit Salzkartoffeln, Rotkohl und So\u00dfe", 
            "cancel_timelimit": "2016-07-12T08:00:00", 
            "disabled": false, 
            "additionals": [
                1
            ], 
            "date": "2016-07-12", 
            "can_be_ordered": true, 
            "meal": 2
        }
    }, 
    {
        "pk": 321, 
        "model": "menus.menu", 
        "fields": {
            "allergens": [
                1, 
                3
            ], 
            "order_timelimit": "2016-06-27T23:59:00", 
            "mealplan": null, 
            "description": "Vegetarischer Nudelauflauf mit Tomaten Gem\u00fcse", 
            "cancel_timelimit": "2016-07-12T08:00:00", 
            "disabled": false, 
            "additionals": [
                1, 
                10
            ], 
            "date": "2016-07-12", 
            "can_be_ordered": true, 
            "meal": 3
        }
    }, 
    {
        "pk": 279, 
        "model": "menus.menu", 
        "fields": {
            "allergens": [
                2, 
                1, 
                3
            ], 
            "order_timelimit": "2016-06-27T23:59:00", 
            "mealplan": null, 
            "description": "Vesper", 
            "cancel_timelimit": "2016-07-12T08:00:00", 
            "disabled": false, 
            "additionals": [
                1, 
                6, 
                7, 
                8
            ], 
            "date": "2016-07-12", 
            "can_be_ordered": true, 
            "meal": 4
        }
    }, 
    {
        "pk": 273, 
        "model": "menus.menu", 
        "fields": {
            "allergens": [
                2, 
                1, 
                3
            ], 
            "order_timelimit": "2016-06-27T23:59:00", 
            "mealplan": null, 
            "description": "Fr\u00fchst\u00fcck", 
            "cancel_timelimit": "2016-07-11T08:00:00", 
            "disabled": false, 
            "additionals": [
                1, 
                2, 
                7
            ], 
            "date": "2016-07-11", 
            "can_be_ordered": true, 
            "meal": 1
        }
    }, 
    {
        "pk": 315, 
        "model": "menus.menu", 
        "fields": {
            "allergens": [
                2, 
                1, 
                3
            ], 
            "order_timelimit": "2016-06-27T23:59:00", 
            "mealplan": null, 
            "description": "H\u00f6rnchennudeln mit K\u00e4sesahneso\u00dfe und Kompott", 
            "cancel_timelimit": "2016-07-11T08:00:00", 
            "disabled": false, 
            "additionals": [
                2
            ], 
            "date": "2016-07-11", 
            "can_be_ordered": true, 
            "meal": 2
        }
    }, 
    {
        "pk": 320, 
        "model": "menus.menu", 
        "fields": {
            "allergens": [
                1
            ], 
            "order_timelimit": "2016-06-27T23:59:00", 
            "mealplan": null, 
            "description": "Kartoffelsuppe mit W\u00fcrstchen und K\u00f6rnerbrot Kompott", 
            "cancel_timelimit": "2016-07-11T08:00:00", 
            "disabled": false, 
            "additionals": [
                1
            ], 
            "date": "2016-07-11", 
            "can_be_ordered": true, 
            "meal": 3
        }
    }, 
    {
        "pk": 278, 
        "model": "menus.menu", 
        "fields": {
            "allergens": [
                2, 
                1, 
                3
            ], 
            "order_timelimit": "2016-06-27T23:59:00", 
            "mealplan": null, 
            "description": "Vesper", 
            "cancel_timelimit": "2016-07-11T08:00:00", 
            "disabled": false, 
            "additionals": [
                1, 
                6, 
                7, 
                8
            ], 
            "date": "2016-07-11", 
            "can_be_ordered": true, 
            "meal": 4
        }
    }, 
    {
        "pk": 267, 
        "model": "menus.menu", 
        "fields": {
            "allergens": [
                2, 
                1, 
                3
            ], 
            "order_timelimit": "2016-06-27T23:59:00", 
            "mealplan": null, 
            "description": "Fr\u00fchst\u00fcck", 
            "cancel_timelimit": "2016-07-08T08:00:00", 
            "disabled": false, 
            "additionals": [
                1, 
                2, 
                7
            ], 
            "date": "2016-07-08", 
            "can_be_ordered": true, 
            "meal": 1
        }
    }, 
    {
        "pk": 309, 
        "model": "menus.menu", 
        "fields": {
            "allergens": [
                1
            ], 
            "order_timelimit": "2016-06-27T23:59:00", 
            "mealplan": null, 
            "description": "M\u00f6hreneintopf mit Br\u00f6tchen und einem Apfel", 
            "cancel_timelimit": "2016-07-08T08:00:00", 
            "disabled": false, 
            "additionals": [], 
            "date": "2016-07-08", 
            "can_be_ordered": true, 
            "meal": 2
        }
    }, 
    {
        "pk": 350, 
        "model": "menus.menu", 
        "fields": {
            "allergens": [
                1
            ], 
            "order_timelimit": "2016-06-27T23:59:00", 
            "mealplan": 1, 
            "description": "M\u00f6hreneintopf mit Br\u00f6tchen und einem Apfell", 
            "cancel_timelimit": "2016-07-08T08:00:00", 
            "disabled": false, 
            "additionals": [], 
            "date": "2016-07-08", 
            "can_be_ordered": true, 
            "meal": 2
        }
    }, 
    {
        "pk": 314, 
        "model": "menus.menu", 
        "fields": {
            "allergens": [], 
            "order_timelimit": "2016-06-27T23:59:00", 
            "mealplan": null, 
            "description": "Bratwurst, Sauerkraut, Salzkartoffeln, So\u00dfe und einem Apfel", 
            "cancel_timelimit": "2016-07-08T08:00:00", 
            "disabled": false, 
            "additionals": [
                1, 
                3
            ], 
            "date": "2016-07-08", 
            "can_be_ordered": true, 
            "meal": 3
        }
    }, 
    {
        "pk": 349, 
        "model": "menus.menu", 
        "fields": {
            "allergens": [], 
            "order_timelimit": "2016-06-27T23:59:00", 
            "mealplan": 1, 
            "description": "Bratwurst, Sauerkraut, Salzkartoffeln, So\u00dfe und einem Apfel", 
            "cancel_timelimit": "2016-07-08T08:00:00", 
            "disabled": true, 
            "additionals": [
                1, 
                3
            ], 
            "date": "2016-07-08", 
            "can_be_ordered": false, 
            "meal": 3
        }
    }, 
    {
        "pk": 272, 
        "model": "menus.menu", 
        "fields": {
            "allergens": [
                2, 
                1, 
                3
            ], 
            "order_timelimit": "2016-06-27T23:59:00", 
            "mealplan": null, 
            "description": "Vesper", 
            "cancel_timelimit": "2016-07-08T08:00:00", 
            "disabled": false, 
            "additionals": [
                1, 
                6, 
                7, 
                8
            ], 
            "date": "2016-07-08", 
            "can_be_ordered": true, 
            "meal": 4
        }
    }, 
    {
        "pk": 266, 
        "model": "menus.menu", 
        "fields": {
            "allergens": [
                2, 
                1, 
                3
            ], 
            "order_timelimit": "2016-06-27T23:59:00", 
            "mealplan": null, 
            "description": "Fr\u00fchst\u00fcck", 
            "cancel_timelimit": "2016-07-07T08:00:00", 
            "disabled": false, 
            "additionals": [
                1, 
                2, 
                7
            ], 
            "date": "2016-07-07", 
            "can_be_ordered": true, 
            "meal": 1
        }
    }, 
    {
        "pk": 351, 
        "model": "menus.menu", 
        "fields": {
            "allergens": [
                2, 
                1, 
                3
            ], 
            "order_timelimit": "2016-06-27T23:59:00", 
            "mealplan": 3, 
            "description": "Fr\u00fchst\u00fcck", 
            "cancel_timelimit": "2016-07-07T08:00:00", 
            "disabled": false, 
            "additionals": [
                1, 
                2, 
                7
            ], 
            "date": "2016-07-07", 
            "can_be_ordered": true, 
            "meal": 1
        }
    }, 
    {
        "pk": 308, 
        "model": "menus.menu", 
        "fields": {
            "allergens": [
                2, 
                1, 
                3
            ], 
            "order_timelimit": "2016-06-27T23:59:00", 
            "mealplan": null, 
            "description": "Kartoffelpuffer mit Apfelmus", 
            "cancel_timelimit": "2016-07-07T08:00:00", 
            "disabled": false, 
            "additionals": [
                1, 
                3, 
                7
            ], 
            "date": "2016-07-07", 
            "can_be_ordered": true, 
            "meal": 2
        }
    }, 
    {
        "pk": 313, 
        "model": "menus.menu", 
        "fields": {
            "allergens": [
                3
            ], 
            "order_timelimit": "2016-06-27T23:59:00", 
            "mealplan": null, 
            "description": "Bratklops mit Kohlrabirahmgem\u00fcse und Salzkartoffeln", 
            "cancel_timelimit": "2016-07-07T08:00:00", 
            "disabled": false, 
            "additionals": [], 
            "date": "2016-07-07", 
            "can_be_ordered": true, 
            "meal": 3
        }
    }, 
    {
        "pk": 271, 
        "model": "menus.menu", 
        "fields": {
            "allergens": [
                2, 
                1, 
                3
            ], 
            "order_timelimit": "2016-06-27T23:59:00", 
            "mealplan": null, 
            "description": "Vesper", 
            "cancel_timelimit": "2016-07-07T08:00:00", 
            "disabled": false, 
            "additionals": [
                1, 
                6, 
                7, 
                8
            ], 
            "date": "2016-07-07", 
            "can_be_ordered": true, 
            "meal": 4
        }
    }, 
    {
        "pk": 265, 
        "model": "menus.menu", 
        "fields": {
            "allergens": [
                2, 
                1, 
                3
            ], 
            "order_timelimit": "2016-06-27T23:59:00", 
            "mealplan": null, 
            "description": "Fr\u00fchst\u00fcck", 
            "cancel_timelimit": "2016-07-06T08:00:00", 
            "disabled": false, 
            "additionals": [
                1, 
                2, 
                7
            ], 
            "date": "2016-07-06", 
            "can_be_ordered": true, 
            "meal": 1
        }
    }, 
    {
        "pk": 307, 
        "model": "menus.menu", 
        "fields": {
            "allergens": [
                6, 
                3
            ], 
            "order_timelimit": "2016-06-27T23:59:00", 
            "mealplan": null, 
            "description": "Reis mit Fischst\u00e4bchen Dillso\u00dfe und Rohkostsalat", 
            "cancel_timelimit": "2016-07-06T08:00:00", 
            "disabled": false, 
            "additionals": [
                1
            ], 
            "date": "2016-07-06", 
            "can_be_ordered": true, 
            "meal": 2
        }
    }, 
    {
        "pk": 312, 
        "model": "menus.menu", 
        "fields": {
            "allergens": [
                6, 
                1
            ], 
            "order_timelimit": "2016-06-27T23:59:00", 
            "mealplan": null, 
            "description": "Salat mit Thunfisch und Brot", 
            "cancel_timelimit": "2016-07-06T08:00:00", 
            "disabled": false, 
            "additionals": [
                1
            ], 
            "date": "2016-07-06", 
            "can_be_ordered": true, 
            "meal": 3
        }
    }, 
    {
        "pk": 270, 
        "model": "menus.menu", 
        "fields": {
            "allergens": [
                2, 
                1, 
                3
            ], 
            "order_timelimit": "2016-06-27T23:59:00", 
            "mealplan": null, 
            "description": "Vesper", 
            "cancel_timelimit": "2016-07-06T08:00:00", 
            "disabled": false, 
            "additionals": [
                1, 
                6, 
                7, 
                8
            ], 
            "date": "2016-07-06", 
            "can_be_ordered": true, 
            "meal": 4
        }
    }, 
    {
        "pk": 264, 
        "model": "menus.menu", 
        "fields": {
            "allergens": [], 
            "order_timelimit": "2016-06-27T23:59:00", 
            "mealplan": null, 
            "description": "Panierte Jagdwurtscheibe mit Mischgem\u00fcse, So\u00dfe und Salzkartoffeln ", 
            "cancel_timelimit": "2016-07-05T08:00:00", 
            "disabled": false, 
            "additionals": [
                1
            ], 
            "date": "2016-07-05", 
            "can_be_ordered": true, 
            "meal": 1
        }
    }, 
    {
        "pk": 306, 
        "model": "menus.menu", 
        "fields": {
            "allergens": [], 
            "order_timelimit": "2016-06-27T23:59:00", 
            "mealplan": null, 
            "description": "Panierte Jagdwurtscheibe mit Mischgem\u00fcse, So\u00dfe und Salzkartoffeln ", 
            "cancel_timelimit": "2016-07-05T08:00:00", 
            "disabled": false, 
            "additionals": [
                1
            ], 
            "date": "2016-07-05", 
            "can_be_ordered": true, 
            "meal": 2
        }
    }, 
    {
        "pk": 311, 
        "model": "menus.menu", 
        "fields": {
            "allergens": [], 
            "order_timelimit": "2016-06-27T23:59:00", 
            "mealplan": null, 
            "description": "Panierte Jagdwurtscheibe mit Mischgem\u00fcse, So\u00dfe und Salzkartoffeln ", 
            "cancel_timelimit": "2016-07-05T08:00:00", 
            "disabled": false, 
            "additionals": [
                1
            ], 
            "date": "2016-07-05", 
            "can_be_ordered": true, 
            "meal": 3
        }
    }, 
    {
        "pk": 269, 
        "model": "menus.menu", 
        "fields": {
            "allergens": [
                2, 
                1, 
                3
            ], 
            "order_timelimit": "2016-06-27T23:59:00", 
            "mealplan": null, 
            "description": "Vesper", 
            "cancel_timelimit": "2016-07-05T08:00:00", 
            "disabled": false, 
            "additionals": [
                1, 
                6, 
                7, 
                8
            ], 
            "date": "2016-07-05", 
            "can_be_ordered": true, 
            "meal": 4
        }
    }, 
    {
        "pk": 263, 
        "model": "menus.menu", 
        "fields": {
            "allergens": [
                2, 
                1, 
                3
            ], 
            "order_timelimit": "2016-06-27T23:59:00", 
            "mealplan": null, 
            "description": "Fr\u00fchst\u00fcck", 
            "cancel_timelimit": "2016-07-04T08:00:00", 
            "disabled": false, 
            "additionals": [
                1, 
                2, 
                7
            ], 
            "date": "2016-07-04", 
            "can_be_ordered": true, 
            "meal": 1
        }
    }, 
    {
        "pk": 305, 
        "model": "menus.menu", 
        "fields": {
            "allergens": [
                3
            ], 
            "order_timelimit": "2016-06-27T23:59:00", 
            "mealplan": null, 
            "description": "Bunter Reistopf mit Gem\u00fcse, Gefl\u00fcgel und Pudding", 
            "cancel_timelimit": "2016-07-04T08:00:00", 
            "disabled": false, 
            "additionals": [
                1, 
                7, 
                8
            ], 
            "date": "2016-07-04", 
            "can_be_ordered": true, 
            "meal": 2
        }
    }, 
    {
        "pk": 310, 
        "model": "menus.menu", 
        "fields": {
            "allergens": [
                3
            ], 
            "order_timelimit": "2016-06-27T23:59:00", 
            "mealplan": null, 
            "description": "Steak mit Sahnechampignons und Reis Pudding ", 
            "cancel_timelimit": "2016-07-04T08:00:00", 
            "disabled": false, 
            "additionals": [], 
            "date": "2016-07-04", 
            "can_be_ordered": true, 
            "meal": 3
        }
    }, 
    {
        "pk": 268, 
        "model": "menus.menu", 
        "fields": {
            "allergens": [
                2, 
                1, 
                3
            ], 
            "order_timelimit": "2016-06-27T23:59:00", 
            "mealplan": null, 
            "description": "Vesper", 
            "cancel_timelimit": "2016-07-04T08:00:00", 
            "disabled": false, 
            "additionals": [
                1, 
                6, 
                7, 
                8
            ], 
            "date": "2016-07-04", 
            "can_be_ordered": true, 
            "meal": 4
        }
    }, 
    {
        "pk": 261, 
        "model": "menus.menu", 
        "fields": {
            "allergens": [
                2, 
                1, 
                3
            ], 
            "order_timelimit": "2016-06-27T23:59:00", 
            "mealplan": null, 
            "description": "Fr\u00fchst\u00fcck", 
            "cancel_timelimit": "2016-07-01T08:00:00", 
            "disabled": false, 
            "additionals": [
                1, 
                2, 
                7
            ], 
            "date": "2016-07-01", 
            "can_be_ordered": true, 
            "meal": 1
        }
    }, 
    {
        "pk": 303, 
        "model": "menus.menu", 
        "fields": {
            "allergens": [
                1, 
                3
            ], 
            "order_timelimit": "2016-06-27T23:59:00", 
            "mealplan": null, 
            "description": "Milchnudeln mit Birnenkompott", 
            "cancel_timelimit": "2016-07-01T08:00:00", 
            "disabled": false, 
            "additionals": [
                7
            ], 
            "date": "2016-07-01", 
            "can_be_ordered": true, 
            "meal": 2
        }
    }, 
    {
        "pk": 304, 
        "model": "menus.menu", 
        "fields": {
            "allergens": [
                1, 
                3
            ], 
            "order_timelimit": "2016-06-27T23:59:00", 
            "mealplan": null, 
            "description": "Milchnudeln mit Birnenkompott", 
            "cancel_timelimit": "2016-07-01T08:00:00", 
            "disabled": false, 
            "additionals": [
                7
            ], 
            "date": "2016-07-01", 
            "can_be_ordered": true, 
            "meal": 3
        }
    }, 
    {
        "pk": 262, 
        "model": "menus.menu", 
        "fields": {
            "allergens": [
                2, 
                1, 
                3
            ], 
            "order_timelimit": "2016-06-27T23:59:00", 
            "mealplan": null, 
            "description": "Vesper", 
            "cancel_timelimit": "2016-07-01T08:00:00", 
            "disabled": false, 
            "additionals": [
                1, 
                6, 
                7, 
                8
            ], 
            "date": "2016-07-01", 
            "can_be_ordered": true, 
            "meal": 4
        }
    }, 
    {
        "pk": 248, 
        "model": "menus.menu", 
        "fields": {
            "allergens": [
                2, 
                1, 
                3
            ], 
            "order_timelimit": "2016-05-27T23:59:00", 
            "mealplan": null, 
            "description": "Fr\u00fchst\u00fcck", 
            "cancel_timelimit": "2016-06-30T08:00:00", 
            "disabled": false, 
            "additionals": [
                1, 
                2, 
                7
            ], 
            "date": "2016-06-30", 
            "can_be_ordered": true, 
            "meal": 1
        }
    }, 
    {
        "pk": 259, 
        "model": "menus.menu", 
        "fields": {
            "allergens": [
                2, 
                1, 
                3
            ], 
            "order_timelimit": "2016-05-27T23:59:00", 
            "mealplan": null, 
            "description": "Fr\u00fchst\u00fcck", 
            "cancel_timelimit": "2016-06-30T08:00:00", 
            "disabled": false, 
            "additionals": [
                1, 
                2, 
                7
            ], 
            "date": "2016-06-30", 
            "can_be_ordered": true, 
            "meal": 2
        }
    }, 
    {
        "pk": 260, 
        "model": "menus.menu", 
        "fields": {
            "allergens": [
                6, 
                1
            ], 
            "order_timelimit": "2016-05-27T23:59:00", 
            "mealplan": null, 
            "description": "Salat mit Thunfisch, Brot und Kompott", 
            "cancel_timelimit": "2016-06-30T08:00:00", 
            "disabled": false, 
            "additionals": [
                1
            ], 
            "date": "2016-06-30", 
            "can_be_ordered": true, 
            "meal": 3
        }
    }, 
    {
        "pk": 252, 
        "model": "menus.menu", 
        "fields": {
            "allergens": [
                2, 
                1, 
                3
            ], 
            "order_timelimit": "2016-05-27T23:59:00", 
            "mealplan": null, 
            "description": "Vesper", 
            "cancel_timelimit": "2016-06-30T08:00:00", 
            "disabled": false, 
            "additionals": [
                1, 
                6, 
                7, 
                8
            ], 
            "date": "2016-06-30", 
            "can_be_ordered": true, 
            "meal": 4
        }
    }, 
    {
        "pk": 247, 
        "model": "menus.menu", 
        "fields": {
            "allergens": [
                2, 
                1, 
                3
            ], 
            "order_timelimit": "2016-05-27T23:59:00", 
            "mealplan": null, 
            "description": "Fr\u00fchst\u00fcck", 
            "cancel_timelimit": "2016-06-29T08:00:00", 
            "disabled": false, 
            "additionals": [
                1, 
                2, 
                7
            ], 
            "date": "2016-06-29", 
            "can_be_ordered": true, 
            "meal": 1
        }
    }, 
    {
        "pk": 257, 
        "model": "menus.menu", 
        "fields": {
            "allergens": [
                3
            ], 
            "order_timelimit": "2016-05-27T23:59:00", 
            "mealplan": null, 
            "description": "Grie\u00dfbrei mit Fr\u00fcchten -ge\u00e4ndert-", 
            "cancel_timelimit": "2016-06-29T08:00:00", 
            "disabled": false, 
            "additionals": [
                7
            ], 
            "date": "2016-06-29", 
            "can_be_ordered": true, 
            "meal": 2
        }
    }, 
    {
        "pk": 258, 
        "model": "menus.menu", 
        "fields": {
            "allergens": [
                2, 
                1, 
                3
            ], 
            "order_timelimit": "2016-05-27T23:59:00", 
            "mealplan": null, 
            "description": "Vesper", 
            "cancel_timelimit": "2016-06-29T08:00:00", 
            "disabled": false, 
            "additionals": [
                1, 
                6, 
                7, 
                8
            ], 
            "date": "2016-06-29", 
            "can_be_ordered": true, 
            "meal": 3
        }
    }, 
    {
        "pk": 251, 
        "model": "menus.menu", 
        "fields": {
            "allergens": [
                2, 
                1, 
                3
            ], 
            "order_timelimit": "2016-05-27T23:59:00", 
            "mealplan": null, 
            "description": "Vesper", 
            "cancel_timelimit": "2016-06-29T08:00:00", 
            "disabled": false, 
            "additionals": [
                1, 
                6, 
                7, 
                8
            ], 
            "date": "2016-06-29", 
            "can_be_ordered": true, 
            "meal": 4
        }
    }, 
    {
        "pk": 246, 
        "model": "menus.menu", 
        "fields": {
            "allergens": [
                2, 
                1, 
                3
            ], 
            "order_timelimit": "2016-05-27T23:59:00", 
            "mealplan": null, 
            "description": "Fr\u00fchst\u00fcck", 
            "cancel_timelimit": "2016-06-28T08:00:00", 
            "disabled": false, 
            "additionals": [
                1, 
                2, 
                7
            ], 
            "date": "2016-06-28", 
            "can_be_ordered": true, 
            "meal": 1
        }
    }, 
    {
        "pk": 255, 
        "model": "menus.menu", 
        "fields": {
            "allergens": [], 
            "order_timelimit": "2016-05-27T23:59:00", 
            "mealplan": null, 
            "description": "H\u00e4hnchenschnitzel mit Kohlrabigem\u00fcse, Reis und Joghurt", 
            "cancel_timelimit": "2016-06-28T08:00:00", 
            "disabled": false, 
            "additionals": [
                1, 
                3, 
                7
            ], 
            "date": "2016-06-28", 
            "can_be_ordered": true, 
            "meal": 2
        }
    }, 
    {
        "pk": 256, 
        "model": "menus.menu", 
        "fields": {
            "allergens": [
                2, 
                1, 
                3
            ], 
            "order_timelimit": "2016-05-27T23:59:00", 
            "mealplan": null, 
            "description": "Vesper", 
            "cancel_timelimit": "2016-06-28T08:00:00", 
            "disabled": false, 
            "additionals": [
                1, 
                6, 
                7, 
                8
            ], 
            "date": "2016-06-28", 
            "can_be_ordered": true, 
            "meal": 3
        }
    }, 
    {
        "pk": 250, 
        "model": "menus.menu", 
        "fields": {
            "allergens": [
                2, 
                1, 
                3
            ], 
            "order_timelimit": "2016-05-27T23:59:00", 
            "mealplan": null, 
            "description": "Vesper", 
            "cancel_timelimit": "2016-06-28T08:00:00", 
            "disabled": false, 
            "additionals": [
                1, 
                6, 
                7, 
                8
            ], 
            "date": "2016-06-28", 
            "can_be_ordered": true, 
            "meal": 4
        }
    }, 
    {
        "pk": 245, 
        "model": "menus.menu", 
        "fields": {
            "allergens": [
                1, 
                3
            ], 
            "order_timelimit": "2016-05-27T23:59:00", 
            "mealplan": null, 
            "description": "Vegetarischer Nudelauflauf mit Tomaten Gem\u00fcse", 
            "cancel_timelimit": "2016-06-27T08:00:00", 
            "disabled": false, 
            "additionals": [
                1, 
                10
            ], 
            "date": "2016-06-27", 
            "can_be_ordered": true, 
            "meal": 1
        }
    }, 
    {
        "pk": 253, 
        "model": "menus.menu", 
        "fields": {
            "allergens": [
                1, 
                3
            ], 
            "order_timelimit": "2016-05-27T23:59:00", 
            "mealplan": null, 
            "description": "Vegetarischer Nudelauflauf mit Tomaten Gem\u00fcse", 
            "cancel_timelimit": "2016-06-27T08:00:00", 
            "disabled": false, 
            "additionals": [
                1, 
                10
            ], 
            "date": "2016-06-27", 
            "can_be_ordered": true, 
            "meal": 2
        }
    }, 
    {
        "pk": 254, 
        "model": "menus.menu", 
        "fields": {
            "allergens": [
                2, 
                3
            ], 
            "order_timelimit": "2016-05-27T23:59:00", 
            "mealplan": null, 
            "description": "Kaiserschmarn mit Apfelmus", 
            "cancel_timelimit": "2016-06-27T08:00:00", 
            "disabled": false, 
            "additionals": [
                1
            ], 
            "date": "2016-06-27", 
            "can_be_ordered": true, 
            "meal": 3
        }
    }, 
    {
        "pk": 249, 
        "model": "menus.menu", 
        "fields": {
            "allergens": [
                2, 
                3
            ], 
            "order_timelimit": "2016-05-27T23:59:00", 
            "mealplan": null, 
            "description": "Kaiserschmarn mit Apfelmus", 
            "cancel_timelimit": "2016-06-27T08:00:00", 
            "disabled": false, 
            "additionals": [
                1
            ], 
            "date": "2016-06-27", 
            "can_be_ordered": true, 
            "meal": 4
        }
    }, 
    {
        "pk": 229, 
        "model": "menus.menu", 
        "fields": {
            "allergens": [
                2, 
                1, 
                3
            ], 
            "order_timelimit": "2016-05-27T23:59:00", 
            "mealplan": null, 
            "description": "Fr\u00fchst\u00fcck", 
            "cancel_timelimit": "2016-06-24T08:00:00", 
            "disabled": false, 
            "additionals": [
                1, 
                2, 
                7
            ], 
            "date": "2016-06-24", 
            "can_be_ordered": true, 
            "meal": 1
        }
    }, 
    {
        "pk": 243, 
        "model": "menus.menu", 
        "fields": {
            "allergens": [
                1, 
                9
            ], 
            "order_timelimit": "2016-05-27T23:59:00", 
            "mealplan": null, 
            "description": "Wei\u00dfe Bohnensuppe mit Brot und Kompott", 
            "cancel_timelimit": "2016-06-24T08:00:00", 
            "disabled": false, 
            "additionals": [
                1, 
                7
            ], 
            "date": "2016-06-24", 
            "can_be_ordered": true, 
            "meal": 2
        }
    }, 
    {
        "pk": 244, 
        "model": "menus.menu", 
        "fields": {
            "allergens": [
                3
            ], 
            "order_timelimit": "2016-05-27T23:59:00", 
            "mealplan": null, 
            "description": "Gyros, Zaziki, Reis und Kompott", 
            "cancel_timelimit": "2016-06-24T08:00:00", 
            "disabled": false, 
            "additionals": [
                1
            ], 
            "date": "2016-06-24", 
            "can_be_ordered": true, 
            "meal": 3
        }
    }, 
    {
        "pk": 234, 
        "model": "menus.menu", 
        "fields": {
            "allergens": [
                2, 
                1, 
                3
            ], 
            "order_timelimit": "2016-05-27T23:59:00", 
            "mealplan": null, 
            "description": "Vesper", 
            "cancel_timelimit": "2016-06-24T08:00:00", 
            "disabled": false, 
            "additionals": [
                1, 
                6, 
                7, 
                8
            ], 
            "date": "2016-06-24", 
            "can_be_ordered": true, 
            "meal": 4
        }
    }, 
    {
        "pk": 228, 
        "model": "menus.menu", 
        "fields": {
            "allergens": [
                2, 
                1, 
                3
            ], 
            "order_timelimit": "2016-05-27T23:59:00", 
            "mealplan": null, 
            "description": "Fr\u00fchst\u00fcck", 
            "cancel_timelimit": "2016-06-23T08:00:00", 
            "disabled": false, 
            "additionals": [
                1, 
                2, 
                7
            ], 
            "date": "2016-06-23", 
            "can_be_ordered": true, 
            "meal": 1
        }
    }, 
    {
        "pk": 241, 
        "model": "menus.menu", 
        "fields": {
            "allergens": [
                3
            ], 
            "order_timelimit": "2016-05-27T23:59:00", 
            "mealplan": null, 
            "description": "Schweinebraten mit Salzkartoffeln und Rahmmischgem\u00fcse", 
            "cancel_timelimit": "2016-06-23T08:00:00", 
            "disabled": false, 
            "additionals": [
                1
            ], 
            "date": "2016-06-23", 
            "can_be_ordered": true, 
            "meal": 2
        }
    }, 
    {
        "pk": 242, 
        "model": "menus.menu", 
        "fields": {
            "allergens": [
                1, 
                3
            ], 
            "order_timelimit": "2016-05-27T23:59:00", 
            "mealplan": null, 
            "description": "Salat mit Hirtenk\u00e4se und Wei\u00dfbrot", 
            "cancel_timelimit": "2016-06-23T08:00:00", 
            "disabled": false, 
            "additionals": [
                10
            ], 
            "date": "2016-06-23", 
            "can_be_ordered": true, 
            "meal": 3
        }
    }, 
    {
        "pk": 233, 
        "model": "menus.menu", 
        "fields": {
            "allergens": [
                2, 
                1, 
                3
            ], 
            "order_timelimit": "2016-05-27T23:59:00", 
            "mealplan": null, 
            "description": "Vesper", 
            "cancel_timelimit": "2016-06-23T08:00:00", 
            "disabled": false, 
            "additionals": [
                1, 
                6, 
                7, 
                8
            ], 
            "date": "2016-06-23", 
            "can_be_ordered": true, 
            "meal": 4
        }
    }, 
    {
        "pk": 227, 
        "model": "menus.menu", 
        "fields": {
            "allergens": [
                2, 
                1, 
                3
            ], 
            "order_timelimit": "2016-05-27T23:59:00", 
            "mealplan": null, 
            "description": "Fr\u00fchst\u00fcck", 
            "cancel_timelimit": "2016-06-22T08:00:00", 
            "disabled": false, 
            "additionals": [
                1, 
                2, 
                7
            ], 
            "date": "2016-06-22", 
            "can_be_ordered": true, 
            "meal": 1
        }
    }, 
    {
        "pk": 239, 
        "model": "menus.menu", 
        "fields": {
            "allergens": [
                2, 
                3
            ], 
            "order_timelimit": "2016-05-27T23:59:00", 
            "mealplan": null, 
            "description": "Eierkuchen mit Apfelmus", 
            "cancel_timelimit": "2016-06-22T08:00:00", 
            "disabled": false, 
            "additionals": [
                1, 
                7
            ], 
            "date": "2016-06-22", 
            "can_be_ordered": true, 
            "meal": 2
        }
    }, 
    {
        "pk": 240, 
        "model": "menus.menu", 
        "fields": {
            "allergens": [
                2, 
                1, 
                3, 
                4
            ], 
            "order_timelimit": "2016-05-27T23:59:00", 
            "mealplan": null, 
            "description": "Bratklops mit Nudelsalat und Senf", 
            "cancel_timelimit": "2016-06-22T08:00:00", 
            "disabled": false, 
            "additionals": [
                1
            ], 
            "date": "2016-06-22", 
            "can_be_ordered": true, 
            "meal": 3
        }
    }, 
    {
        "pk": 232, 
        "model": "menus.menu", 
        "fields": {
            "allergens": [
                2, 
                1, 
                3
            ], 
            "order_timelimit": "2016-05-27T23:59:00", 
            "mealplan": null, 
            "description": "Vesper", 
            "cancel_timelimit": "2016-06-22T08:00:00", 
            "disabled": false, 
            "additionals": [
                1, 
                6, 
                7, 
                8
            ], 
            "date": "2016-06-22", 
            "can_be_ordered": true, 
            "meal": 4
        }
    }, 
    {
        "pk": 226, 
        "model": "menus.menu", 
        "fields": {
            "allergens": [
                2, 
                1, 
                3
            ], 
            "order_timelimit": "2016-05-27T23:59:00", 
            "mealplan": null, 
            "description": "Fr\u00fchst\u00fcck", 
            "cancel_timelimit": "2016-06-21T08:00:00", 
            "disabled": false, 
            "additionals": [
                1, 
                2, 
                7
            ], 
            "date": "2016-06-21", 
            "can_be_ordered": true, 
            "meal": 1
        }
    }, 
    {
        "pk": 236, 
        "model": "menus.menu", 
        "fields": {
            "allergens": [
                2, 
                3
            ], 
            "order_timelimit": "2016-05-27T23:59:00", 
            "mealplan": null, 
            "description": "R\u00fchrei mit Salzkartoffeln und Spinat", 
            "cancel_timelimit": "2016-06-21T08:00:00", 
            "disabled": false, 
            "additionals": [], 
            "date": "2016-06-21", 
            "can_be_ordered": true, 
            "meal": 2
        }
    }, 
    {
        "pk": 238, 
        "model": "menus.menu", 
        "fields": {
            "allergens": [
                1, 
                3
            ], 
            "order_timelimit": "2016-05-27T23:59:00", 
            "mealplan": null, 
            "description": "K\u00e4selauchsuppe mit Wei\u00dfbrot", 
            "cancel_timelimit": "2016-06-21T08:00:00", 
            "disabled": false, 
            "additionals": [
                1
            ], 
            "date": "2016-06-21", 
            "can_be_ordered": true, 
            "meal": 3
        }
    }, 
    {
        "pk": 231, 
        "model": "menus.menu", 
        "fields": {
            "allergens": [
                2, 
                1, 
                3
            ], 
            "order_timelimit": "2016-05-27T23:59:00", 
            "mealplan": null, 
            "description": "Vesper", 
            "cancel_timelimit": "2016-06-21T08:00:00", 
            "disabled": false, 
            "additionals": [
                1, 
                6, 
                7, 
                8
            ], 
            "date": "2016-06-21", 
            "can_be_ordered": true, 
            "meal": 4
        }
    }, 
    {
        "pk": 225, 
        "model": "menus.menu", 
        "fields": {
            "allergens": [
                2, 
                1, 
                3
            ], 
            "order_timelimit": "2016-05-27T23:59:00", 
            "mealplan": null, 
            "description": "Fr\u00fchst\u00fcck", 
            "cancel_timelimit": "2016-06-20T08:00:00", 
            "disabled": false, 
            "additionals": [
                1, 
                2, 
                7
            ], 
            "date": "2016-06-20", 
            "can_be_ordered": true, 
            "meal": 1
        }
    }, 
    {
        "pk": 235, 
        "model": "menus.menu", 
        "fields": {
            "allergens": [
                2, 
                1, 
                12
            ], 
            "order_timelimit": "2016-05-27T23:59:00", 
            "mealplan": null, 
            "description": "H\u00f6rnchennudeln mit Currywurst Tomatenso\u00dfe und Pudding", 
            "cancel_timelimit": "2016-06-20T08:00:00", 
            "disabled": false, 
            "additionals": [
                1, 
                2, 
                10
            ], 
            "date": "2016-06-20", 
            "can_be_ordered": true, 
            "meal": 2
        }
    }, 
    {
        "pk": 237, 
        "model": "menus.menu", 
        "fields": {
            "allergens": [
                1, 
                3
            ], 
            "order_timelimit": "2016-05-27T23:59:00", 
            "mealplan": null, 
            "description": "Schokosuppe mit Br\u00f6tchen ", 
            "cancel_timelimit": "2016-06-20T08:00:00", 
            "disabled": false, 
            "additionals": [
                8
            ], 
            "date": "2016-06-20", 
            "can_be_ordered": true, 
            "meal": 3
        }
    }, 
    {
        "pk": 230, 
        "model": "menus.menu", 
        "fields": {
            "allergens": [
                2, 
                1, 
                3
            ], 
            "order_timelimit": "2016-05-27T23:59:00", 
            "mealplan": null, 
            "description": "Vesper", 
            "cancel_timelimit": "2016-06-20T08:00:00", 
            "disabled": false, 
            "additionals": [
                1, 
                6, 
                7, 
                8
            ], 
            "date": "2016-06-20", 
            "can_be_ordered": true, 
            "meal": 4
        }
    }, 
    {
        "pk": 209, 
        "model": "menus.menu", 
        "fields": {
            "allergens": [
                2, 
                1, 
                3
            ], 
            "order_timelimit": "2016-05-27T23:59:00", 
            "mealplan": null, 
            "description": "Fr\u00fchst\u00fcck", 
            "cancel_timelimit": "2016-06-17T08:00:00", 
            "disabled": false, 
            "additionals": [
                1, 
                2, 
                7
            ], 
            "date": "2016-06-17", 
            "can_be_ordered": true, 
            "meal": 1
        }
    }, 
    {
        "pk": 223, 
        "model": "menus.menu", 
        "fields": {
            "allergens": [
                1
            ], 
            "order_timelimit": "2016-05-27T23:59:00", 
            "mealplan": null, 
            "description": "Erbsensuppe mit Wei\u00dfbrot, Knacker und Joghurt", 
            "cancel_timelimit": "2016-06-17T08:00:00", 
            "disabled": false, 
            "additionals": [
                1
            ], 
            "date": "2016-06-17", 
            "can_be_ordered": true, 
            "meal": 2
        }
    }, 
    {
        "pk": 224, 
        "model": "menus.menu", 
        "fields": {
            "allergens": [
                3
            ], 
            "order_timelimit": "2016-05-27T23:59:00", 
            "mealplan": null, 
            "description": "H\u00fchnergeschnetzeltes mit Curryso\u00dfe und Reis Joghurt", 
            "cancel_timelimit": "2016-06-17T08:00:00", 
            "disabled": false, 
            "additionals": [], 
            "date": "2016-06-17", 
            "can_be_ordered": true, 
            "meal": 3
        }
    }, 
    {
        "pk": 214, 
        "model": "menus.menu", 
        "fields": {
            "allergens": [
                2, 
                1, 
                3
            ], 
            "order_timelimit": "2016-05-27T23:59:00", 
            "mealplan": null, 
            "description": "Vesper", 
            "cancel_timelimit": "2016-06-17T08:00:00", 
            "disabled": false, 
            "additionals": [
                1, 
                6, 
                7, 
                8
            ], 
            "date": "2016-06-17", 
            "can_be_ordered": true, 
            "meal": 4
        }
    }, 
    {
        "pk": 208, 
        "model": "menus.menu", 
        "fields": {
            "allergens": [
                2, 
                1, 
                3
            ], 
            "order_timelimit": "2016-05-27T23:59:00", 
            "mealplan": null, 
            "description": "Fr\u00fchst\u00fcck", 
            "cancel_timelimit": "2016-06-16T08:00:00", 
            "disabled": false, 
            "additionals": [
                1, 
                2, 
                7
            ], 
            "date": "2016-06-16", 
            "can_be_ordered": true, 
            "meal": 1
        }
    }, 
    {
        "pk": 221, 
        "model": "menus.menu", 
        "fields": {
            "allergens": [
                6, 
                3
            ], 
            "order_timelimit": "2016-05-27T23:59:00", 
            "mealplan": null, 
            "description": "Salzkartoffeln mit Fischst\u00e4bchen Dillso\u00dfe und Rohkostsalat", 
            "cancel_timelimit": "2016-06-16T08:00:00", 
            "disabled": false, 
            "additionals": [
                1
            ], 
            "date": "2016-06-16", 
            "can_be_ordered": true, 
            "meal": 2
        }
    }, 
    {
        "pk": 222, 
        "model": "menus.menu", 
        "fields": {
            "allergens": [
                2, 
                3, 
                4
            ], 
            "order_timelimit": "2016-05-27T23:59:00", 
            "mealplan": null, 
            "description": "Kartoffelsalat mit 2 Wiener W\u00fcrstchen ", 
            "cancel_timelimit": "2016-06-16T08:00:00", 
            "disabled": false, 
            "additionals": [
                1
            ], 
            "date": "2016-06-16", 
            "can_be_ordered": true, 
            "meal": 3
        }
    }, 
    {
        "pk": 213, 
        "model": "menus.menu", 
        "fields": {
            "allergens": [
                2, 
                1, 
                3
            ], 
            "order_timelimit": "2016-05-27T23:59:00", 
            "mealplan": null, 
            "description": "Vesper", 
            "cancel_timelimit": "2016-06-16T08:00:00", 
            "disabled": false, 
            "additionals": [
                1, 
                6, 
                7, 
                8
            ], 
            "date": "2016-06-16", 
            "can_be_ordered": true, 
            "meal": 4
        }
    }, 
    {
        "pk": 207, 
        "model": "menus.menu", 
        "fields": {
            "allergens": [
                2, 
                1, 
                3
            ], 
            "order_timelimit": "2016-05-27T23:59:00", 
            "mealplan": null, 
            "description": "Fr\u00fchst\u00fcck", 
            "cancel_timelimit": "2016-06-15T08:00:00", 
            "disabled": false, 
            "additionals": [
                1, 
                2, 
                7
            ], 
            "date": "2016-06-15", 
            "can_be_ordered": true, 
            "meal": 1
        }
    }, 
    {
        "pk": 219, 
        "model": "menus.menu", 
        "fields": {
            "allergens": [
                3
            ], 
            "order_timelimit": "2016-05-27T23:59:00", 
            "mealplan": null, 
            "description": "Milchreis mit Erdbeeren", 
            "cancel_timelimit": "2016-06-15T08:00:00", 
            "disabled": false, 
            "additionals": [
                7
            ], 
            "date": "2016-06-15", 
            "can_be_ordered": true, 
            "meal": 2
        }
    }, 
    {
        "pk": 220, 
        "model": "menus.menu", 
        "fields": {
            "allergens": [], 
            "order_timelimit": "2016-05-27T23:59:00", 
            "mealplan": null, 
            "description": "Gem\u00fcsereispfanne mit So\u00dfe -ge\u00e4ndert-", 
            "cancel_timelimit": "2016-06-15T08:00:00", 
            "disabled": false, 
            "additionals": [], 
            "date": "2016-06-15", 
            "can_be_ordered": true, 
            "meal": 3
        }
    }, 
    {
        "pk": 212, 
        "model": "menus.menu", 
        "fields": {
            "allergens": [
                2, 
                1, 
                3
            ], 
            "order_timelimit": "2016-05-27T23:59:00", 
            "mealplan": null, 
            "description": "Vesper", 
            "cancel_timelimit": "2016-06-15T08:00:00", 
            "disabled": false, 
            "additionals": [
                1, 
                6, 
                7, 
                8
            ], 
            "date": "2016-06-15", 
            "can_be_ordered": true, 
            "meal": 4
        }
    }, 
    {
        "pk": 3, 
        "model": "menus.pricegroup", 
        "fields": {
            "name": "GS am Tanger"
        }
    }, 
    {
        "pk": 4, 
        "model": "menus.pricegroup", 
        "fields": {
            "name": "KITA Elbspatzen",
            "mealplan": 2
        }
    }, 
    {
        "pk": 5, 
        "model": "menus.pricegroup", 
        "fields": {
            "name": "KITA Grieben",
            "mealplan": 3
        }
    }, 
    {
        "pk": 6, 
        "model": "menus.pricegroup", 
        "fields": {
            "name": "KITA Regenbogenland",
            "mealplan": 4
        }
    }, 
    {
        "pk": 8, 
        "model": "menus.pricegroup", 
        "fields": {
            "name": "parit\u00e4tische"
        }
    }, 
    {
        "pk": 7, 
        "model": "menus.pricegroup", 
        "fields": {
            "name": "Pestalozzi Schule Stendal"
        }
    }, 
    {
        "pk": 1, 
        "model": "menus.pricegroup", 
        "fields": {
            "name": "Privatgymnasium Stendal",
            "mealplan": 1
        }
    }, 
    {
        "pk": 2, 
        "model": "menus.pricegroup", 
        "fields": {
            "name": "WWGS Tangerh\u00fctte"
        }
    }, 
    {
        "pk": 1, 
        "model": "menus.mealdefaultprice", 
        "fields": {
            "price_group": 1, 
            "price_is_variable": false, 
            "price": "3.20", 
            "meal": 2
        }
    }, 
    {
        "pk": 2, 
        "model": "menus.mealdefaultprice", 
        "fields": {
            "price_group": 2, 
            "price_is_variable": false, 
            "price": "2.70", 
            "meal": 2
        }
    }, 
    {
        "pk": 3, 
        "model": "menus.mealdefaultprice", 
        "fields": {
            "price_group": 2, 
            "price_is_variable": false, 
            "price": "2.70", 
            "meal": 3
        }
    }, 
    {
        "pk": 4, 
        "model": "menus.mealdefaultprice", 
        "fields": {
            "price_group": 1, 
            "price_is_variable": false, 
            "price": "3.20", 
            "meal": 3
        }
    }, 
    {
        "pk": 5, 
        "model": "menus.mealdefaultprice", 
        "fields": {
            "price_group": 3, 
            "price_is_variable": false, 
            "price": "2.40", 
            "meal": 2
        }
    }, 
    {
        "pk": 6, 
        "model": "menus.mealdefaultprice", 
        "fields": {
            "price_group": 3, 
            "price_is_variable": false, 
            "price": "2.40", 
            "meal": 3
        }
    }, 
    {
        "pk": 7, 
        "model": "menus.mealdefaultprice", 
        "fields": {
            "price_group": 4, 
            "price_is_variable": false, 
            "price": "2.70", 
            "meal": 2
        }
    }, 
    {
        "pk": 8, 
        "model": "menus.mealdefaultprice", 
        "fields": {
            "price_group": 5, 
            "price_is_variable": false, 
            "price": "0.55", 
            "meal": 1
        }
    }, 
    {
        "pk": 9, 
        "model": "menus.mealdefaultprice", 
        "fields": {
            "price_group": 5, 
            "price_is_variable": false, 
            "price": "2.40", 
            "meal": 2
        }
    }, 
    {
        "pk": 10, 
        "model": "menus.mealdefaultprice", 
        "fields": {
            "price_group": 5, 
            "price_is_variable": false, 
            "price": "0.55", 
            "meal": 4
        }
    }, 
    {
        "pk": 11, 
        "model": "menus.mealdefaultprice", 
        "fields": {
            "price_group": 6, 
            "price_is_variable": false, 
            "price": "0.80", 
            "meal": 1
        }
    }, 
    {
        "pk": 12, 
        "model": "menus.mealdefaultprice", 
        "fields": {
            "price_group": 6, 
            "price_is_variable": false, 
            "price": "2.50", 
            "meal": 2
        }
    }, 
    {
        "pk": 13, 
        "model": "menus.mealdefaultprice", 
        "fields": {
            "price_group": 6, 
            "price_is_variable": false, 
            "price": "0.60", 
            "meal": 4
        }
    }, 
    {
        "pk": 14, 
        "model": "menus.mealdefaultprice", 
        "fields": {
            "price_group": 7, 
            "price_is_variable": false, 
            "price": "2.70", 
            "meal": 2
        }
    }, 
    {
        "pk": 15, 
        "model": "menus.mealdefaultprice", 
        "fields": {
            "price_group": 7, 
            "price_is_variable": false, 
            "price": "2.70", 
            "meal": 3
        }
    }, 
    {
        "pk": 16, 
        "model": "menus.mealdefaultprice", 
        "fields": {
            "price_group": 8, 
            "price_is_variable": false, 
            "price": "3.50", 
            "meal": 2
        }
    }, 
    {
        "pk": 17, 
        "model": "menus.mealdefaultprice", 
        "fields": {
            "price_group": 8, 
            "price_is_variable": false, 
            "price": "3.50", 
            "meal": 3
        }
    }, 
    {
        "pk": 1739, 
        "model": "menus.price", 
        "fields": {
            "price_group": 5, 
            "menu": 208, 
            "price": "0.55"
        }
    }, 
    {
        "pk": 1740, 
        "model": "menus.price", 
        "fields": {
            "price_group": 6, 
            "menu": 208, 
            "price": "0.80"
        }
    }, 
    {
        "pk": 1751, 
        "model": "menus.price", 
        "fields": {
            "price_group": 5, 
            "menu": 214, 
            "price": "0.55"
        }
    }, 
    {
        "pk": 1752, 
        "model": "menus.price", 
        "fields": {
            "price_group": 6, 
            "menu": 214, 
            "price": "0.60"
        }
    }, 
    {
        "pk": 2176, 
        "model": "menus.price", 
        "fields": {
            "price_group": 5, 
            "menu": 261, 
            "price": "0.55"
        }
    }, 
    {
        "pk": 2177, 
        "model": "menus.price", 
        "fields": {
            "price_group": 6, 
            "menu": 261, 
            "price": "0.80"
        }
    }, 
    {
        "pk": 2190, 
        "model": "menus.price", 
        "fields": {
            "price_group": 5, 
            "menu": 268, 
            "price": "0.55"
        }
    }, 
    {
        "pk": 2191, 
        "model": "menus.price", 
        "fields": {
            "price_group": 6, 
            "menu": 268, 
            "price": "0.60"
        }
    }, 
    {
        "pk": 2202, 
        "model": "menus.price", 
        "fields": {
            "price_group": 5, 
            "menu": 274, 
            "price": "0.55"
        }
    }, 
    {
        "pk": 2203, 
        "model": "menus.price", 
        "fields": {
            "price_group": 6, 
            "menu": 274, 
            "price": "0.80"
        }
    }, 
    {
        "pk": 2212, 
        "model": "menus.price", 
        "fields": {
            "price_group": 5, 
            "menu": 279, 
            "price": "0.55"
        }
    }, 
    {
        "pk": 2213, 
        "model": "menus.price", 
        "fields": {
            "price_group": 6, 
            "menu": 279, 
            "price": "0.60"
        }
    }, 
    {
        "pk": 2178, 
        "model": "menus.price", 
        "fields": {
            "price_group": 5, 
            "menu": 262, 
            "price": "0.55"
        }
    }, 
    {
        "pk": 2155, 
        "model": "menus.price", 
        "fields": {
            "price_group": 2, 
            "menu": 220, 
            "price": "2.70"
        }
    }, 
    {
        "pk": 2156, 
        "model": "menus.price", 
        "fields": {
            "price_group": 1, 
            "menu": 220, 
            "price": "3.20"
        }
    }, 
    {
        "pk": 2157, 
        "model": "menus.price", 
        "fields": {
            "price_group": 3, 
            "menu": 220, 
            "price": "2.40"
        }
    }, 
    {
        "pk": 2158, 
        "model": "menus.price", 
        "fields": {
            "price_group": 7, 
            "menu": 220, 
            "price": "2.70"
        }
    }, 
    {
        "pk": 2159, 
        "model": "menus.price", 
        "fields": {
            "price_group": 8, 
            "menu": 220, 
            "price": "3.50"
        }
    }, 
    {
        "pk": 2179, 
        "model": "menus.price", 
        "fields": {
            "price_group": 6, 
            "menu": 262, 
            "price": "0.60"
        }
    }, 
    {
        "pk": 2192, 
        "model": "menus.price", 
        "fields": {
            "price_group": 5, 
            "menu": 269, 
            "price": "0.55"
        }
    }, 
    {
        "pk": 2193, 
        "model": "menus.price", 
        "fields": {
            "price_group": 6, 
            "menu": 269, 
            "price": "0.60"
        }
    }, 
    {
        "pk": 2204, 
        "model": "menus.price", 
        "fields": {
            "price_group": 5, 
            "menu": 275, 
            "price": "0.55"
        }
    }, 
    {
        "pk": 2205, 
        "model": "menus.price", 
        "fields": {
            "price_group": 6, 
            "menu": 275, 
            "price": "0.80"
        }
    }, 
    {
        "pk": 2214, 
        "model": "menus.price", 
        "fields": {
            "price_group": 5, 
            "menu": 280, 
            "price": "0.55"
        }
    }, 
    {
        "pk": 2215, 
        "model": "menus.price", 
        "fields": {
            "price_group": 6, 
            "menu": 280, 
            "price": "0.60"
        }
    }, 
    {
        "pk": 2222, 
        "model": "menus.price", 
        "fields": {
            "price_group": 5, 
            "menu": 284, 
            "price": "0.55"
        }
    }, 
    {
        "pk": 2223, 
        "model": "menus.price", 
        "fields": {
            "price_group": 6, 
            "menu": 284, 
            "price": "0.80"
        }
    }, 
    {
        "pk": 2228, 
        "model": "menus.price", 
        "fields": {
            "price_group": 5, 
            "menu": 287, 
            "price": "0.55"
        }
    }, 
    {
        "pk": 2229, 
        "model": "menus.price", 
        "fields": {
            "price_group": 6, 
            "menu": 287, 
            "price": "0.80"
        }
    }, 
    {
        "pk": 2180, 
        "model": "menus.price", 
        "fields": {
            "price_group": 5, 
            "menu": 263, 
            "price": "0.55"
        }
    }, 
    {
        "pk": 2181, 
        "model": "menus.price", 
        "fields": {
            "price_group": 6, 
            "menu": 263, 
            "price": "0.80"
        }
    }, 
    {
        "pk": 2194, 
        "model": "menus.price", 
        "fields": {
            "price_group": 5, 
            "menu": 270, 
            "price": "0.55"
        }
    }, 
    {
        "pk": 1741, 
        "model": "menus.price", 
        "fields": {
            "price_group": 5, 
            "menu": 209, 
            "price": "0.55"
        }
    }, 
    {
        "pk": 1742, 
        "model": "menus.price", 
        "fields": {
            "price_group": 6, 
            "menu": 209, 
            "price": "0.80"
        }
    }, 
    {
        "pk": 1747, 
        "model": "menus.price", 
        "fields": {
            "price_group": 5, 
            "menu": 212, 
            "price": "0.55"
        }
    }, 
    {
        "pk": 1748, 
        "model": "menus.price", 
        "fields": {
            "price_group": 6, 
            "menu": 212, 
            "price": "0.60"
        }
    }, 
    {
        "pk": 1779, 
        "model": "menus.price", 
        "fields": {
            "price_group": 1, 
            "menu": 219, 
            "price": "3.20"
        }
    }, 
    {
        "pk": 1780, 
        "model": "menus.price", 
        "fields": {
            "price_group": 2, 
            "menu": 219, 
            "price": "2.70"
        }
    }, 
    {
        "pk": 1781, 
        "model": "menus.price", 
        "fields": {
            "price_group": 3, 
            "menu": 219, 
            "price": "2.40"
        }
    }, 
    {
        "pk": 1782, 
        "model": "menus.price", 
        "fields": {
            "price_group": 4, 
            "menu": 219, 
            "price": "2.70"
        }
    }, 
    {
        "pk": 1783, 
        "model": "menus.price", 
        "fields": {
            "price_group": 5, 
            "menu": 219, 
            "price": "2.40"
        }
    }, 
    {
        "pk": 1784, 
        "model": "menus.price", 
        "fields": {
            "price_group": 6, 
            "menu": 219, 
            "price": "2.50"
        }
    }, 
    {
        "pk": 1785, 
        "model": "menus.price", 
        "fields": {
            "price_group": 7, 
            "menu": 219, 
            "price": "2.70"
        }
    }, 
    {
        "pk": 2195, 
        "model": "menus.price", 
        "fields": {
            "price_group": 6, 
            "menu": 270, 
            "price": "0.60"
        }
    }, 
    {
        "pk": 2206, 
        "model": "menus.price", 
        "fields": {
            "price_group": 5, 
            "menu": 276, 
            "price": "0.55"
        }
    }, 
    {
        "pk": 2160, 
        "model": "menus.price", 
        "fields": {
            "price_group": 1, 
            "menu": 257, 
            "price": "3.20"
        }
    }, 
    {
        "pk": 2161, 
        "model": "menus.price", 
        "fields": {
            "price_group": 2, 
            "menu": 257, 
            "price": "2.70"
        }
    }, 
    {
        "pk": 2162, 
        "model": "menus.price", 
        "fields": {
            "price_group": 3, 
            "menu": 257, 
            "price": "2.40"
        }
    }, 
    {
        "pk": 2163, 
        "model": "menus.price", 
        "fields": {
            "price_group": 4, 
            "menu": 257, 
            "price": "2.70"
        }
    }, 
    {
        "pk": 2164, 
        "model": "menus.price", 
        "fields": {
            "price_group": 5, 
            "menu": 257, 
            "price": "2.40"
        }
    }, 
    {
        "pk": 2165, 
        "model": "menus.price", 
        "fields": {
            "price_group": 6, 
            "menu": 257, 
            "price": "2.50"
        }
    }, 
    {
        "pk": 2166, 
        "model": "menus.price", 
        "fields": {
            "price_group": 7, 
            "menu": 257, 
            "price": "2.70"
        }
    }, 
    {
        "pk": 2167, 
        "model": "menus.price", 
        "fields": {
            "price_group": 8, 
            "menu": 257, 
            "price": "3.50"
        }
    }, 
    {
        "pk": 1737, 
        "model": "menus.price", 
        "fields": {
            "price_group": 5, 
            "menu": 207, 
            "price": "0.55"
        }
    }, 
    {
        "pk": 1738, 
        "model": "menus.price", 
        "fields": {
            "price_group": 6, 
            "menu": 207, 
            "price": "0.80"
        }
    }, 
    {
        "pk": 1749, 
        "model": "menus.price", 
        "fields": {
            "price_group": 5, 
            "menu": 213, 
            "price": "0.55"
        }
    }, 
    {
        "pk": 1750, 
        "model": "menus.price", 
        "fields": {
            "price_group": 6, 
            "menu": 213, 
            "price": "0.60"
        }
    }, 
    {
        "pk": 1786, 
        "model": "menus.price", 
        "fields": {
            "price_group": 8, 
            "menu": 219, 
            "price": "3.50"
        }
    }, 
    {
        "pk": 1800, 
        "model": "menus.price", 
        "fields": {
            "price_group": 2, 
            "menu": 222, 
            "price": "2.70"
        }
    }, 
    {
        "pk": 1801, 
        "model": "menus.price", 
        "fields": {
            "price_group": 1, 
            "menu": 222, 
            "price": "3.20"
        }
    }, 
    {
        "pk": 2184, 
        "model": "menus.price", 
        "fields": {
            "price_group": 5, 
            "menu": 265, 
            "price": "0.55"
        }
    }, 
    {
        "pk": 2185, 
        "model": "menus.price", 
        "fields": {
            "price_group": 6, 
            "menu": 265, 
            "price": "0.80"
        }
    }, 
    {
        "pk": 2196, 
        "model": "menus.price", 
        "fields": {
            "price_group": 5, 
            "menu": 271, 
            "price": "0.55"
        }
    }, 
    {
        "pk": 2197, 
        "model": "menus.price", 
        "fields": {
            "price_group": 6, 
            "menu": 271, 
            "price": "0.60"
        }
    }, 
    {
        "pk": 2207, 
        "model": "menus.price", 
        "fields": {
            "price_group": 6, 
            "menu": 276, 
            "price": "0.80"
        }
    }, 
    {
        "pk": 2216, 
        "model": "menus.price", 
        "fields": {
            "price_group": 5, 
            "menu": 281, 
            "price": "0.55"
        }
    }, 
    {
        "pk": 2217, 
        "model": "menus.price", 
        "fields": {
            "price_group": 6, 
            "menu": 281, 
            "price": "0.60"
        }
    }, 
    {
        "pk": 2224, 
        "model": "menus.price", 
        "fields": {
            "price_group": 5, 
            "menu": 285, 
            "price": "0.55"
        }
    }, 
    {
        "pk": 2225, 
        "model": "menus.price", 
        "fields": {
            "price_group": 6, 
            "menu": 285, 
            "price": "0.80"
        }
    }, 
    {
        "pk": 2230, 
        "model": "menus.price", 
        "fields": {
            "price_group": 5, 
            "menu": 288, 
            "price": "0.55"
        }
    }, 
    {
        "pk": 2231, 
        "model": "menus.price", 
        "fields": {
            "price_group": 6, 
            "menu": 288, 
            "price": "0.60"
        }
    }, 
    {
        "pk": 2234, 
        "model": "menus.price", 
        "fields": {
            "price_group": 5, 
            "menu": 290, 
            "price": "0.55"
        }
    }, 
    {
        "pk": 2235, 
        "model": "menus.price", 
        "fields": {
            "price_group": 6, 
            "menu": 290, 
            "price": "0.60"
        }
    }, 
    {
        "pk": 2238, 
        "model": "menus.price", 
        "fields": {
            "price_group": 5, 
            "menu": 292, 
            "price": "0.55"
        }
    }, 
    {
        "pk": 2239, 
        "model": "menus.price", 
        "fields": {
            "price_group": 6, 
            "menu": 292, 
            "price": "0.60"
        }
    }, 
    {
        "pk": 2242, 
        "model": "menus.price", 
        "fields": {
            "price_group": 5, 
            "menu": 294, 
            "price": "0.55"
        }
    }, 
    {
        "pk": 1802, 
        "model": "menus.price", 
        "fields": {
            "price_group": 3, 
            "menu": 222, 
            "price": "2.40"
        }
    }, 
    {
        "pk": 1803, 
        "model": "menus.price", 
        "fields": {
            "price_group": 7, 
            "menu": 222, 
            "price": "2.70"
        }
    }, 
    {
        "pk": 1804, 
        "model": "menus.price", 
        "fields": {
            "price_group": 8, 
            "menu": 222, 
            "price": "3.50"
        }
    }, 
    {
        "pk": 1805, 
        "model": "menus.price", 
        "fields": {
            "price_group": 1, 
            "menu": 223, 
            "price": "3.20"
        }
    }, 
    {
        "pk": 1806, 
        "model": "menus.price", 
        "fields": {
            "price_group": 2, 
            "menu": 223, 
            "price": "2.70"
        }
    }, 
    {
        "pk": 1807, 
        "model": "menus.price", 
        "fields": {
            "price_group": 3, 
            "menu": 223, 
            "price": "2.40"
        }
    }, 
    {
        "pk": 1808, 
        "model": "menus.price", 
        "fields": {
            "price_group": 4, 
            "menu": 223, 
            "price": "2.70"
        }
    }, 
    {
        "pk": 1809, 
        "model": "menus.price", 
        "fields": {
            "price_group": 5, 
            "menu": 223, 
            "price": "2.40"
        }
    }, 
    {
        "pk": 1810, 
        "model": "menus.price", 
        "fields": {
            "price_group": 6, 
            "menu": 223, 
            "price": "2.50"
        }
    }, 
    {
        "pk": 1811, 
        "model": "menus.price", 
        "fields": {
            "price_group": 7, 
            "menu": 223, 
            "price": "2.70"
        }
    }, 
    {
        "pk": 1812, 
        "model": "menus.price", 
        "fields": {
            "price_group": 8, 
            "menu": 223, 
            "price": "3.50"
        }
    }, 
    {
        "pk": 1813, 
        "model": "menus.price", 
        "fields": {
            "price_group": 2, 
            "menu": 224, 
            "price": "2.70"
        }
    }, 
    {
        "pk": 1814, 
        "model": "menus.price", 
        "fields": {
            "price_group": 1, 
            "menu": 224, 
            "price": "3.20"
        }
    }, 
    {
        "pk": 1815, 
        "model": "menus.price", 
        "fields": {
            "price_group": 3, 
            "menu": 224, 
            "price": "2.40"
        }
    }, 
    {
        "pk": 1816, 
        "model": "menus.price", 
        "fields": {
            "price_group": 7, 
            "menu": 224, 
            "price": "2.70"
        }
    }, 
    {
        "pk": 1817, 
        "model": "menus.price", 
        "fields": {
            "price_group": 8, 
            "menu": 224, 
            "price": "3.50"
        }
    }, 
    {
        "pk": 1826, 
        "model": "menus.price", 
        "fields": {
            "price_group": 5, 
            "menu": 225, 
            "price": "0.55"
        }
    }, 
    {
        "pk": 1827, 
        "model": "menus.price", 
        "fields": {
            "price_group": 6, 
            "menu": 225, 
            "price": "0.80"
        }
    }, 
    {
        "pk": 1828, 
        "model": "menus.price", 
        "fields": {
            "price_group": 5, 
            "menu": 226, 
            "price": "0.55"
        }
    }, 
    {
        "pk": 1829, 
        "model": "menus.price", 
        "fields": {
            "price_group": 6, 
            "menu": 226, 
            "price": "0.80"
        }
    }, 
    {
        "pk": 1830, 
        "model": "menus.price", 
        "fields": {
            "price_group": 5, 
            "menu": 227, 
            "price": "0.55"
        }
    }, 
    {
        "pk": 1831, 
        "model": "menus.price", 
        "fields": {
            "price_group": 6, 
            "menu": 227, 
            "price": "0.80"
        }
    }, 
    {
        "pk": 1832, 
        "model": "menus.price", 
        "fields": {
            "price_group": 5, 
            "menu": 228, 
            "price": "0.55"
        }
    }, 
    {
        "pk": 1833, 
        "model": "menus.price", 
        "fields": {
            "price_group": 6, 
            "menu": 228, 
            "price": "0.80"
        }
    }, 
    {
        "pk": 1834, 
        "model": "menus.price", 
        "fields": {
            "price_group": 5, 
            "menu": 229, 
            "price": "0.55"
        }
    }, 
    {
        "pk": 1835, 
        "model": "menus.price", 
        "fields": {
            "price_group": 6, 
            "menu": 229, 
            "price": "0.80"
        }
    }, 
    {
        "pk": 1836, 
        "model": "menus.price", 
        "fields": {
            "price_group": 5, 
            "menu": 230, 
            "price": "0.55"
        }
    }, 
    {
        "pk": 1837, 
        "model": "menus.price", 
        "fields": {
            "price_group": 6, 
            "menu": 230, 
            "price": "0.60"
        }
    }, 
    {
        "pk": 1838, 
        "model": "menus.price", 
        "fields": {
            "price_group": 5, 
            "menu": 231, 
            "price": "0.55"
        }
    }, 
    {
        "pk": 1839, 
        "model": "menus.price", 
        "fields": {
            "price_group": 6, 
            "menu": 231, 
            "price": "0.60"
        }
    }, 
    {
        "pk": 1840, 
        "model": "menus.price", 
        "fields": {
            "price_group": 5, 
            "menu": 232, 
            "price": "0.55"
        }
    }, 
    {
        "pk": 1841, 
        "model": "menus.price", 
        "fields": {
            "price_group": 6, 
            "menu": 232, 
            "price": "0.60"
        }
    }, 
    {
        "pk": 1842, 
        "model": "menus.price", 
        "fields": {
            "price_group": 5, 
            "menu": 233, 
            "price": "0.55"
        }
    }, 
    {
        "pk": 1843, 
        "model": "menus.price", 
        "fields": {
            "price_group": 6, 
            "menu": 233, 
            "price": "0.60"
        }
    }, 
    {
        "pk": 1844, 
        "model": "menus.price", 
        "fields": {
            "price_group": 5, 
            "menu": 234, 
            "price": "0.55"
        }
    }, 
    {
        "pk": 1845, 
        "model": "menus.price", 
        "fields": {
            "price_group": 6, 
            "menu": 234, 
            "price": "0.60"
        }
    }, 
    {
        "pk": 1854, 
        "model": "menus.price", 
        "fields": {
            "price_group": 1, 
            "menu": 236, 
            "price": "3.20"
        }
    }, 
    {
        "pk": 1855, 
        "model": "menus.price", 
        "fields": {
            "price_group": 2, 
            "menu": 236, 
            "price": "2.70"
        }
    }, 
    {
        "pk": 1856, 
        "model": "menus.price", 
        "fields": {
            "price_group": 3, 
            "menu": 236, 
            "price": "2.40"
        }
    }, 
    {
        "pk": 1857, 
        "model": "menus.price", 
        "fields": {
            "price_group": 4, 
            "menu": 236, 
            "price": "2.70"
        }
    }, 
    {
        "pk": 1858, 
        "model": "menus.price", 
        "fields": {
            "price_group": 5, 
            "menu": 236, 
            "price": "2.40"
        }
    }, 
    {
        "pk": 1859, 
        "model": "menus.price", 
        "fields": {
            "price_group": 6, 
            "menu": 236, 
            "price": "2.50"
        }
    }, 
    {
        "pk": 1860, 
        "model": "menus.price", 
        "fields": {
            "price_group": 7, 
            "menu": 236, 
            "price": "2.70"
        }
    }, 
    {
        "pk": 1861, 
        "model": "menus.price", 
        "fields": {
            "price_group": 8, 
            "menu": 236, 
            "price": "3.50"
        }
    }, 
    {
        "pk": 1862, 
        "model": "menus.price", 
        "fields": {
            "price_group": 2, 
            "menu": 237, 
            "price": "2.70"
        }
    }, 
    {
        "pk": 1863, 
        "model": "menus.price", 
        "fields": {
            "price_group": 1, 
            "menu": 237, 
            "price": "3.20"
        }
    }, 
    {
        "pk": 1864, 
        "model": "menus.price", 
        "fields": {
            "price_group": 3, 
            "menu": 237, 
            "price": "2.40"
        }
    }, 
    {
        "pk": 1865, 
        "model": "menus.price", 
        "fields": {
            "price_group": 7, 
            "menu": 237, 
            "price": "2.70"
        }
    }, 
    {
        "pk": 1866, 
        "model": "menus.price", 
        "fields": {
            "price_group": 8, 
            "menu": 237, 
            "price": "3.50"
        }
    }, 
    {
        "pk": 1867, 
        "model": "menus.price", 
        "fields": {
            "price_group": 1, 
            "menu": 235, 
            "price": "3.20"
        }
    }, 
    {
        "pk": 1868, 
        "model": "menus.price", 
        "fields": {
            "price_group": 2, 
            "menu": 235, 
            "price": "2.70"
        }
    }, 
    {
        "pk": 1869, 
        "model": "menus.price", 
        "fields": {
            "price_group": 3, 
            "menu": 235, 
            "price": "2.40"
        }
    }, 
    {
        "pk": 1870, 
        "model": "menus.price", 
        "fields": {
            "price_group": 4, 
            "menu": 235, 
            "price": "2.70"
        }
    }, 
    {
        "pk": 1871, 
        "model": "menus.price", 
        "fields": {
            "price_group": 5, 
            "menu": 235, 
            "price": "2.40"
        }
    }, 
    {
        "pk": 1872, 
        "model": "menus.price", 
        "fields": {
            "price_group": 6, 
            "menu": 235, 
            "price": "2.50"
        }
    }, 
    {
        "pk": 1873, 
        "model": "menus.price", 
        "fields": {
            "price_group": 7, 
            "menu": 235, 
            "price": "2.70"
        }
    }, 
    {
        "pk": 1874, 
        "model": "menus.price", 
        "fields": {
            "price_group": 8, 
            "menu": 235, 
            "price": "3.50"
        }
    }, 
    {
        "pk": 1875, 
        "model": "menus.price", 
        "fields": {
            "price_group": 2, 
            "menu": 238, 
            "price": "2.70"
        }
    }, 
    {
        "pk": 1876, 
        "model": "menus.price", 
        "fields": {
            "price_group": 1, 
            "menu": 238, 
            "price": "3.20"
        }
    }, 
    {
        "pk": 1877, 
        "model": "menus.price", 
        "fields": {
            "price_group": 3, 
            "menu": 238, 
            "price": "2.40"
        }
    }, 
    {
        "pk": 1878, 
        "model": "menus.price", 
        "fields": {
            "price_group": 7, 
            "menu": 238, 
            "price": "2.70"
        }
    }, 
    {
        "pk": 1879, 
        "model": "menus.price", 
        "fields": {
            "price_group": 8, 
            "menu": 238, 
            "price": "3.50"
        }
    }, 
    {
        "pk": 1888, 
        "model": "menus.price", 
        "fields": {
            "price_group": 1, 
            "menu": 239, 
            "price": "3.20"
        }
    }, 
    {
        "pk": 1889, 
        "model": "menus.price", 
        "fields": {
            "price_group": 2, 
            "menu": 239, 
            "price": "2.70"
        }
    }, 
    {
        "pk": 1890, 
        "model": "menus.price", 
        "fields": {
            "price_group": 3, 
            "menu": 239, 
            "price": "2.40"
        }
    }, 
    {
        "pk": 1891, 
        "model": "menus.price", 
        "fields": {
            "price_group": 4, 
            "menu": 239, 
            "price": "2.70"
        }
    }, 
    {
        "pk": 1892, 
        "model": "menus.price", 
        "fields": {
            "price_group": 5, 
            "menu": 239, 
            "price": "2.40"
        }
    }, 
    {
        "pk": 1893, 
        "model": "menus.price", 
        "fields": {
            "price_group": 6, 
            "menu": 239, 
            "price": "2.50"
        }
    }, 
    {
        "pk": 1894, 
        "model": "menus.price", 
        "fields": {
            "price_group": 7, 
            "menu": 239, 
            "price": "2.70"
        }
    }, 
    {
        "pk": 1895, 
        "model": "menus.price", 
        "fields": {
            "price_group": 8, 
            "menu": 239, 
            "price": "3.50"
        }
    }, 
    {
        "pk": 1896, 
        "model": "menus.price", 
        "fields": {
            "price_group": 2, 
            "menu": 240, 
            "price": "2.70"
        }
    }, 
    {
        "pk": 1897, 
        "model": "menus.price", 
        "fields": {
            "price_group": 1, 
            "menu": 240, 
            "price": "3.20"
        }
    }, 
    {
        "pk": 1898, 
        "model": "menus.price", 
        "fields": {
            "price_group": 3, 
            "menu": 240, 
            "price": "2.40"
        }
    }, 
    {
        "pk": 1899, 
        "model": "menus.price", 
        "fields": {
            "price_group": 7, 
            "menu": 240, 
            "price": "2.70"
        }
    }, 
    {
        "pk": 1900, 
        "model": "menus.price", 
        "fields": {
            "price_group": 8, 
            "menu": 240, 
            "price": "3.50"
        }
    }, 
    {
        "pk": 1901, 
        "model": "menus.price", 
        "fields": {
            "price_group": 1, 
            "menu": 241, 
            "price": "3.20"
        }
    }, 
    {
        "pk": 1902, 
        "model": "menus.price", 
        "fields": {
            "price_group": 2, 
            "menu": 241, 
            "price": "2.70"
        }
    }, 
    {
        "pk": 2243, 
        "model": "menus.price", 
        "fields": {
            "price_group": 6, 
            "menu": 294, 
            "price": "0.80"
        }
    }, 
    {
        "pk": 2246, 
        "model": "menus.price", 
        "fields": {
            "price_group": 5, 
            "menu": 296, 
            "price": "0.55"
        }
    }, 
    {
        "pk": 2186, 
        "model": "menus.price", 
        "fields": {
            "price_group": 5, 
            "menu": 266, 
            "price": "0.55"
        }
    }, 
    {
        "pk": 2187, 
        "model": "menus.price", 
        "fields": {
            "price_group": 6, 
            "menu": 266, 
            "price": "0.80"
        }
    }, 
    {
        "pk": 2198, 
        "model": "menus.price", 
        "fields": {
            "price_group": 5, 
            "menu": 272, 
            "price": "0.55"
        }
    }, 
    {
        "pk": 2199, 
        "model": "menus.price", 
        "fields": {
            "price_group": 6, 
            "menu": 272, 
            "price": "0.60"
        }
    }, 
    {
        "pk": 2208, 
        "model": "menus.price", 
        "fields": {
            "price_group": 5, 
            "menu": 277, 
            "price": "0.55"
        }
    }, 
    {
        "pk": 2209, 
        "model": "menus.price", 
        "fields": {
            "price_group": 6, 
            "menu": 277, 
            "price": "0.80"
        }
    }, 
    {
        "pk": 2218, 
        "model": "menus.price", 
        "fields": {
            "price_group": 5, 
            "menu": 282, 
            "price": "0.55"
        }
    }, 
    {
        "pk": 2219, 
        "model": "menus.price", 
        "fields": {
            "price_group": 6, 
            "menu": 282, 
            "price": "0.60"
        }
    }, 
    {
        "pk": 1903, 
        "model": "menus.price", 
        "fields": {
            "price_group": 3, 
            "menu": 241, 
            "price": "2.40"
        }
    }, 
    {
        "pk": 1904, 
        "model": "menus.price", 
        "fields": {
            "price_group": 4, 
            "menu": 241, 
            "price": "2.70"
        }
    }, 
    {
        "pk": 1905, 
        "model": "menus.price", 
        "fields": {
            "price_group": 5, 
            "menu": 241, 
            "price": "2.40"
        }
    }, 
    {
        "pk": 1906, 
        "model": "menus.price", 
        "fields": {
            "price_group": 6, 
            "menu": 241, 
            "price": "2.50"
        }
    }, 
    {
        "pk": 1907, 
        "model": "menus.price", 
        "fields": {
            "price_group": 7, 
            "menu": 241, 
            "price": "2.70"
        }
    }, 
    {
        "pk": 1908, 
        "model": "menus.price", 
        "fields": {
            "price_group": 8, 
            "menu": 241, 
            "price": "3.50"
        }
    }, 
    {
        "pk": 1909, 
        "model": "menus.price", 
        "fields": {
            "price_group": 2, 
            "menu": 242, 
            "price": "2.70"
        }
    }, 
    {
        "pk": 1910, 
        "model": "menus.price", 
        "fields": {
            "price_group": 1, 
            "menu": 242, 
            "price": "3.20"
        }
    }, 
    {
        "pk": 1911, 
        "model": "menus.price", 
        "fields": {
            "price_group": 3, 
            "menu": 242, 
            "price": "2.40"
        }
    }, 
    {
        "pk": 1912, 
        "model": "menus.price", 
        "fields": {
            "price_group": 7, 
            "menu": 242, 
            "price": "2.70"
        }
    }, 
    {
        "pk": 1913, 
        "model": "menus.price", 
        "fields": {
            "price_group": 8, 
            "menu": 242, 
            "price": "3.50"
        }
    }, 
    {
        "pk": 1922, 
        "model": "menus.price", 
        "fields": {
            "price_group": 2, 
            "menu": 244, 
            "price": "2.70"
        }
    }, 
    {
        "pk": 1923, 
        "model": "menus.price", 
        "fields": {
            "price_group": 1, 
            "menu": 244, 
            "price": "3.20"
        }
    }, 
    {
        "pk": 1924, 
        "model": "menus.price", 
        "fields": {
            "price_group": 3, 
            "menu": 244, 
            "price": "2.40"
        }
    }, 
    {
        "pk": 1925, 
        "model": "menus.price", 
        "fields": {
            "price_group": 7, 
            "menu": 244, 
            "price": "2.70"
        }
    }, 
    {
        "pk": 1926, 
        "model": "menus.price", 
        "fields": {
            "price_group": 8, 
            "menu": 244, 
            "price": "3.50"
        }
    }, 
    {
        "pk": 1927, 
        "model": "menus.price", 
        "fields": {
            "price_group": 1, 
            "menu": 243, 
            "price": "3.20"
        }
    }, 
    {
        "pk": 1928, 
        "model": "menus.price", 
        "fields": {
            "price_group": 2, 
            "menu": 243, 
            "price": "2.70"
        }
    }, 
    {
        "pk": 1929, 
        "model": "menus.price", 
        "fields": {
            "price_group": 3, 
            "menu": 243, 
            "price": "2.40"
        }
    }, 
    {
        "pk": 1930, 
        "model": "menus.price", 
        "fields": {
            "price_group": 4, 
            "menu": 243, 
            "price": "2.70"
        }
    }, 
    {
        "pk": 1931, 
        "model": "menus.price", 
        "fields": {
            "price_group": 5, 
            "menu": 243, 
            "price": "2.40"
        }
    }, 
    {
        "pk": 1932, 
        "model": "menus.price", 
        "fields": {
            "price_group": 6, 
            "menu": 243, 
            "price": "2.50"
        }
    }, 
    {
        "pk": 1933, 
        "model": "menus.price", 
        "fields": {
            "price_group": 7, 
            "menu": 243, 
            "price": "2.70"
        }
    }, 
    {
        "pk": 1934, 
        "model": "menus.price", 
        "fields": {
            "price_group": 8, 
            "menu": 243, 
            "price": "3.50"
        }
    }, 
    {
        "pk": 1939, 
        "model": "menus.price", 
        "fields": {
            "price_group": 5, 
            "menu": 247, 
            "price": "0.55"
        }
    }, 
    {
        "pk": 1940, 
        "model": "menus.price", 
        "fields": {
            "price_group": 6, 
            "menu": 247, 
            "price": "0.80"
        }
    }, 
    {
        "pk": 1941, 
        "model": "menus.price", 
        "fields": {
            "price_group": 5, 
            "menu": 248, 
            "price": "0.55"
        }
    }, 
    {
        "pk": 1942, 
        "model": "menus.price", 
        "fields": {
            "price_group": 6, 
            "menu": 248, 
            "price": "0.80"
        }
    }, 
    {
        "pk": 1945, 
        "model": "menus.price", 
        "fields": {
            "price_group": 5, 
            "menu": 250, 
            "price": "0.55"
        }
    }, 
    {
        "pk": 1946, 
        "model": "menus.price", 
        "fields": {
            "price_group": 6, 
            "menu": 250, 
            "price": "0.60"
        }
    }, 
    {
        "pk": 1947, 
        "model": "menus.price", 
        "fields": {
            "price_group": 5, 
            "menu": 251, 
            "price": "0.55"
        }
    }, 
    {
        "pk": 1948, 
        "model": "menus.price", 
        "fields": {
            "price_group": 6, 
            "menu": 251, 
            "price": "0.60"
        }
    }, 
    {
        "pk": 1949, 
        "model": "menus.price", 
        "fields": {
            "price_group": 5, 
            "menu": 252, 
            "price": "0.55"
        }
    }, 
    {
        "pk": 1950, 
        "model": "menus.price", 
        "fields": {
            "price_group": 6, 
            "menu": 252, 
            "price": "0.60"
        }
    }, 
    {
        "pk": 1959, 
        "model": "menus.price", 
        "fields": {
            "price_group": 2, 
            "menu": 254, 
            "price": "2.70"
        }
    }, 
    {
        "pk": 1960, 
        "model": "menus.price", 
        "fields": {
            "price_group": 1, 
            "menu": 254, 
            "price": "3.20"
        }
    }, 
    {
        "pk": 1961, 
        "model": "menus.price", 
        "fields": {
            "price_group": 3, 
            "menu": 254, 
            "price": "2.40"
        }
    }, 
    {
        "pk": 1962, 
        "model": "menus.price", 
        "fields": {
            "price_group": 7, 
            "menu": 254, 
            "price": "2.70"
        }
    }, 
    {
        "pk": 1963, 
        "model": "menus.price", 
        "fields": {
            "price_group": 8, 
            "menu": 254, 
            "price": "3.50"
        }
    }, 
    {
        "pk": 1964, 
        "model": "menus.price", 
        "fields": {
            "price_group": 1, 
            "menu": 253, 
            "price": "3.20"
        }
    }, 
    {
        "pk": 1965, 
        "model": "menus.price", 
        "fields": {
            "price_group": 2, 
            "menu": 253, 
            "price": "2.70"
        }
    }, 
    {
        "pk": 1966, 
        "model": "menus.price", 
        "fields": {
            "price_group": 3, 
            "menu": 253, 
            "price": "2.40"
        }
    }, 
    {
        "pk": 1967, 
        "model": "menus.price", 
        "fields": {
            "price_group": 4, 
            "menu": 253, 
            "price": "2.70"
        }
    }, 
    {
        "pk": 1968, 
        "model": "menus.price", 
        "fields": {
            "price_group": 5, 
            "menu": 253, 
            "price": "2.40"
        }
    }, 
    {
        "pk": 1969, 
        "model": "menus.price", 
        "fields": {
            "price_group": 6, 
            "menu": 253, 
            "price": "2.50"
        }
    }, 
    {
        "pk": 1970, 
        "model": "menus.price", 
        "fields": {
            "price_group": 7, 
            "menu": 253, 
            "price": "2.70"
        }
    }, 
    {
        "pk": 1971, 
        "model": "menus.price", 
        "fields": {
            "price_group": 8, 
            "menu": 253, 
            "price": "3.50"
        }
    }, 
    {
        "pk": 1972, 
        "model": "menus.price", 
        "fields": {
            "price_group": 1, 
            "menu": 255, 
            "price": "3.20"
        }
    }, 
    {
        "pk": 1973, 
        "model": "menus.price", 
        "fields": {
            "price_group": 2, 
            "menu": 255, 
            "price": "2.70"
        }
    }, 
    {
        "pk": 1974, 
        "model": "menus.price", 
        "fields": {
            "price_group": 3, 
            "menu": 255, 
            "price": "2.40"
        }
    }, 
    {
        "pk": 1975, 
        "model": "menus.price", 
        "fields": {
            "price_group": 4, 
            "menu": 255, 
            "price": "2.70"
        }
    }, 
    {
        "pk": 1976, 
        "model": "menus.price", 
        "fields": {
            "price_group": 5, 
            "menu": 255, 
            "price": "2.40"
        }
    }, 
    {
        "pk": 1977, 
        "model": "menus.price", 
        "fields": {
            "price_group": 6, 
            "menu": 255, 
            "price": "2.50"
        }
    }, 
    {
        "pk": 1978, 
        "model": "menus.price", 
        "fields": {
            "price_group": 7, 
            "menu": 255, 
            "price": "2.70"
        }
    }, 
    {
        "pk": 1979, 
        "model": "menus.price", 
        "fields": {
            "price_group": 8, 
            "menu": 255, 
            "price": "3.50"
        }
    }, 
    {
        "pk": 2188, 
        "model": "menus.price", 
        "fields": {
            "price_group": 5, 
            "menu": 267, 
            "price": "0.55"
        }
    }, 
    {
        "pk": 2189, 
        "model": "menus.price", 
        "fields": {
            "price_group": 6, 
            "menu": 267, 
            "price": "0.80"
        }
    }, 
    {
        "pk": 2200, 
        "model": "menus.price", 
        "fields": {
            "price_group": 5, 
            "menu": 273, 
            "price": "0.55"
        }
    }, 
    {
        "pk": 2201, 
        "model": "menus.price", 
        "fields": {
            "price_group": 6, 
            "menu": 273, 
            "price": "0.80"
        }
    }, 
    {
        "pk": 2210, 
        "model": "menus.price", 
        "fields": {
            "price_group": 5, 
            "menu": 278, 
            "price": "0.55"
        }
    }, 
    {
        "pk": 2024, 
        "model": "menus.price", 
        "fields": {
            "price_group": 2, 
            "menu": 260, 
            "price": "2.70"
        }
    }, 
    {
        "pk": 2025, 
        "model": "menus.price", 
        "fields": {
            "price_group": 1, 
            "menu": 260, 
            "price": "3.20"
        }
    }, 
    {
        "pk": 2026, 
        "model": "menus.price", 
        "fields": {
            "price_group": 3, 
            "menu": 260, 
            "price": "2.40"
        }
    }, 
    {
        "pk": 2027, 
        "model": "menus.price", 
        "fields": {
            "price_group": 7, 
            "menu": 260, 
            "price": "2.70"
        }
    }, 
    {
        "pk": 2028, 
        "model": "menus.price", 
        "fields": {
            "price_group": 8, 
            "menu": 260, 
            "price": "3.50"
        }
    }, 
    {
        "pk": 2211, 
        "model": "menus.price", 
        "fields": {
            "price_group": 6, 
            "menu": 278, 
            "price": "0.60"
        }
    }, 
    {
        "pk": 2220, 
        "model": "menus.price", 
        "fields": {
            "price_group": 5, 
            "menu": 283, 
            "price": "0.55"
        }
    }, 
    {
        "pk": 2221, 
        "model": "menus.price", 
        "fields": {
            "price_group": 6, 
            "menu": 283, 
            "price": "0.80"
        }
    }, 
    {
        "pk": 2226, 
        "model": "menus.price", 
        "fields": {
            "price_group": 5, 
            "menu": 286, 
            "price": "0.55"
        }
    }, 
    {
        "pk": 2227, 
        "model": "menus.price", 
        "fields": {
            "price_group": 6, 
            "menu": 286, 
            "price": "0.80"
        }
    }, 
    {
        "pk": 2232, 
        "model": "menus.price", 
        "fields": {
            "price_group": 5, 
            "menu": 289, 
            "price": "0.55"
        }
    }, 
    {
        "pk": 2233, 
        "model": "menus.price", 
        "fields": {
            "price_group": 6, 
            "menu": 289, 
            "price": "0.60"
        }
    }, 
    {
        "pk": 2236, 
        "model": "menus.price", 
        "fields": {
            "price_group": 5, 
            "menu": 291, 
            "price": "0.55"
        }
    }, 
    {
        "pk": 2237, 
        "model": "menus.price", 
        "fields": {
            "price_group": 6, 
            "menu": 291, 
            "price": "0.60"
        }
    }, 
    {
        "pk": 2240, 
        "model": "menus.price", 
        "fields": {
            "price_group": 5, 
            "menu": 293, 
            "price": "0.55"
        }
    }, 
    {
        "pk": 2241, 
        "model": "menus.price", 
        "fields": {
            "price_group": 6, 
            "menu": 293, 
            "price": "0.80"
        }
    }, 
    {
        "pk": 2244, 
        "model": "menus.price", 
        "fields": {
            "price_group": 5, 
            "menu": 295, 
            "price": "0.55"
        }
    }, 
    {
        "pk": 2245, 
        "model": "menus.price", 
        "fields": {
            "price_group": 6, 
            "menu": 295, 
            "price": "0.80"
        }
    }, 
    {
        "pk": 2247, 
        "model": "menus.price", 
        "fields": {
            "price_group": 6, 
            "menu": 296, 
            "price": "0.80"
        }
    }, 
    {
        "pk": 2248, 
        "model": "menus.price", 
        "fields": {
            "price_group": 5, 
            "menu": 297, 
            "price": "0.55"
        }
    }, 
    {
        "pk": 2249, 
        "model": "menus.price", 
        "fields": {
            "price_group": 6, 
            "menu": 297, 
            "price": "0.80"
        }
    }, 
    {
        "pk": 2250, 
        "model": "menus.price", 
        "fields": {
            "price_group": 5, 
            "menu": 298, 
            "price": "0.55"
        }
    }, 
    {
        "pk": 2251, 
        "model": "menus.price", 
        "fields": {
            "price_group": 6, 
            "menu": 298, 
            "price": "0.60"
        }
    }, 
    {
        "pk": 2252, 
        "model": "menus.price", 
        "fields": {
            "price_group": 5, 
            "menu": 299, 
            "price": "0.55"
        }
    }, 
    {
        "pk": 2253, 
        "model": "menus.price", 
        "fields": {
            "price_group": 6, 
            "menu": 299, 
            "price": "0.60"
        }
    }, 
    {
        "pk": 2254, 
        "model": "menus.price", 
        "fields": {
            "price_group": 5, 
            "menu": 300, 
            "price": "0.55"
        }
    }, 
    {
        "pk": 2255, 
        "model": "menus.price", 
        "fields": {
            "price_group": 6, 
            "menu": 300, 
            "price": "0.60"
        }
    }, 
    {
        "pk": 2256, 
        "model": "menus.price", 
        "fields": {
            "price_group": 5, 
            "menu": 301, 
            "price": "0.55"
        }
    }, 
    {
        "pk": 2257, 
        "model": "menus.price", 
        "fields": {
            "price_group": 6, 
            "menu": 301, 
            "price": "0.60"
        }
    }, 
    {
        "pk": 2258, 
        "model": "menus.price", 
        "fields": {
            "price_group": 5, 
            "menu": 302, 
            "price": "0.55"
        }
    }, 
    {
        "pk": 2259, 
        "model": "menus.price", 
        "fields": {
            "price_group": 6, 
            "menu": 302, 
            "price": "0.60"
        }
    }, 
    {
        "pk": 2118, 
        "model": "menus.price", 
        "fields": {
            "price_group": 1, 
            "menu": 221, 
            "price": "3.20"
        }
    }, 
    {
        "pk": 2119, 
        "model": "menus.price", 
        "fields": {
            "price_group": 2, 
            "menu": 221, 
            "price": "2.70"
        }
    }, 
    {
        "pk": 2120, 
        "model": "menus.price", 
        "fields": {
            "price_group": 3, 
            "menu": 221, 
            "price": "2.40"
        }
    }, 
    {
        "pk": 2121, 
        "model": "menus.price", 
        "fields": {
            "price_group": 4, 
            "menu": 221, 
            "price": "2.70"
        }
    }, 
    {
        "pk": 2122, 
        "model": "menus.price", 
        "fields": {
            "price_group": 5, 
            "menu": 221, 
            "price": "2.40"
        }
    }, 
    {
        "pk": 2123, 
        "model": "menus.price", 
        "fields": {
            "price_group": 6, 
            "menu": 221, 
            "price": "2.50"
        }
    }, 
    {
        "pk": 2124, 
        "model": "menus.price", 
        "fields": {
            "price_group": 7, 
            "menu": 221, 
            "price": "2.70"
        }
    }, 
    {
        "pk": 2125, 
        "model": "menus.price", 
        "fields": {
            "price_group": 8, 
            "menu": 221, 
            "price": "3.50"
        }
    }, 
    {
        "pk": 2268, 
        "model": "menus.price", 
        "fields": {
            "price_group": 2, 
            "menu": 304, 
            "price": "2.70"
        }
    }, 
    {
        "pk": 2269, 
        "model": "menus.price", 
        "fields": {
            "price_group": 1, 
            "menu": 304, 
            "price": "3.20"
        }
    }, 
    {
        "pk": 2270, 
        "model": "menus.price", 
        "fields": {
            "price_group": 3, 
            "menu": 304, 
            "price": "2.40"
        }
    }, 
    {
        "pk": 2271, 
        "model": "menus.price", 
        "fields": {
            "price_group": 7, 
            "menu": 304, 
            "price": "2.70"
        }
    }, 
    {
        "pk": 2272, 
        "model": "menus.price", 
        "fields": {
            "price_group": 8, 
            "menu": 304, 
            "price": "3.50"
        }
    }, 
    {
        "pk": 2305, 
        "model": "menus.price", 
        "fields": {
            "price_group": 1, 
            "menu": 308, 
            "price": "3.20"
        }
    }, 
    {
        "pk": 2306, 
        "model": "menus.price", 
        "fields": {
            "price_group": 2, 
            "menu": 308, 
            "price": "2.70"
        }
    }, 
    {
        "pk": 2307, 
        "model": "menus.price", 
        "fields": {
            "price_group": 3, 
            "menu": 308, 
            "price": "2.40"
        }
    }, 
    {
        "pk": 2308, 
        "model": "menus.price", 
        "fields": {
            "price_group": 4, 
            "menu": 308, 
            "price": "2.70"
        }
    }, 
    {
        "pk": 2309, 
        "model": "menus.price", 
        "fields": {
            "price_group": 5, 
            "menu": 308, 
            "price": "2.40"
        }
    }, 
    {
        "pk": 2310, 
        "model": "menus.price", 
        "fields": {
            "price_group": 6, 
            "menu": 308, 
            "price": "2.50"
        }
    }, 
    {
        "pk": 2311, 
        "model": "menus.price", 
        "fields": {
            "price_group": 7, 
            "menu": 308, 
            "price": "2.70"
        }
    }, 
    {
        "pk": 2312, 
        "model": "menus.price", 
        "fields": {
            "price_group": 8, 
            "menu": 308, 
            "price": "3.50"
        }
    }, 
    {
        "pk": 2313, 
        "model": "menus.price", 
        "fields": {
            "price_group": 1, 
            "menu": 309, 
            "price": "3.20"
        }
    }, 
    {
        "pk": 2314, 
        "model": "menus.price", 
        "fields": {
            "price_group": 2, 
            "menu": 309, 
            "price": "2.70"
        }
    }, 
    {
        "pk": 2315, 
        "model": "menus.price", 
        "fields": {
            "price_group": 3, 
            "menu": 309, 
            "price": "2.40"
        }
    }, 
    {
        "pk": 2316, 
        "model": "menus.price", 
        "fields": {
            "price_group": 4, 
            "menu": 309, 
            "price": "2.70"
        }
    }, 
    {
        "pk": 2317, 
        "model": "menus.price", 
        "fields": {
            "price_group": 5, 
            "menu": 309, 
            "price": "2.40"
        }
    }, 
    {
        "pk": 2318, 
        "model": "menus.price", 
        "fields": {
            "price_group": 6, 
            "menu": 309, 
            "price": "2.50"
        }
    }, 
    {
        "pk": 2319, 
        "model": "menus.price", 
        "fields": {
            "price_group": 7, 
            "menu": 309, 
            "price": "2.70"
        }
    }, 
    {
        "pk": 2320, 
        "model": "menus.price", 
        "fields": {
            "price_group": 8, 
            "menu": 309, 
            "price": "3.50"
        }
    }, 
    {
        "pk": 2331, 
        "model": "menus.price", 
        "fields": {
            "price_group": 1, 
            "menu": 307, 
            "price": "3.20"
        }
    }, 
    {
        "pk": 2332, 
        "model": "menus.price", 
        "fields": {
            "price_group": 2, 
            "menu": 307, 
            "price": "2.70"
        }
    }, 
    {
        "pk": 2333, 
        "model": "menus.price", 
        "fields": {
            "price_group": 3, 
            "menu": 307, 
            "price": "2.40"
        }
    }, 
    {
        "pk": 2334, 
        "model": "menus.price", 
        "fields": {
            "price_group": 4, 
            "menu": 307, 
            "price": "2.70"
        }
    }, 
    {
        "pk": 2335, 
        "model": "menus.price", 
        "fields": {
            "price_group": 5, 
            "menu": 307, 
            "price": "2.40"
        }
    }, 
    {
        "pk": 2336, 
        "model": "menus.price", 
        "fields": {
            "price_group": 6, 
            "menu": 307, 
            "price": "2.50"
        }
    }, 
    {
        "pk": 2337, 
        "model": "menus.price", 
        "fields": {
            "price_group": 7, 
            "menu": 307, 
            "price": "2.70"
        }
    }, 
    {
        "pk": 2338, 
        "model": "menus.price", 
        "fields": {
            "price_group": 8, 
            "menu": 307, 
            "price": "3.50"
        }
    }, 
    {
        "pk": 2349, 
        "model": "menus.price", 
        "fields": {
            "price_group": 2, 
            "menu": 313, 
            "price": "2.70"
        }
    }, 
    {
        "pk": 2350, 
        "model": "menus.price", 
        "fields": {
            "price_group": 1, 
            "menu": 313, 
            "price": "3.20"
        }
    }, 
    {
        "pk": 2351, 
        "model": "menus.price", 
        "fields": {
            "price_group": 3, 
            "menu": 313, 
            "price": "2.40"
        }
    }, 
    {
        "pk": 2352, 
        "model": "menus.price", 
        "fields": {
            "price_group": 7, 
            "menu": 313, 
            "price": "2.70"
        }
    }, 
    {
        "pk": 2353, 
        "model": "menus.price", 
        "fields": {
            "price_group": 8, 
            "menu": 313, 
            "price": "3.50"
        }
    }, 
    {
        "pk": 2364, 
        "model": "menus.price", 
        "fields": {
            "price_group": 2, 
            "menu": 314, 
            "price": "2.70"
        }
    }, 
    {
        "pk": 2365, 
        "model": "menus.price", 
        "fields": {
            "price_group": 1, 
            "menu": 314, 
            "price": "3.20"
        }
    }, 
    {
        "pk": 2366, 
        "model": "menus.price", 
        "fields": {
            "price_group": 3, 
            "menu": 314, 
            "price": "2.40"
        }
    }, 
    {
        "pk": 2367, 
        "model": "menus.price", 
        "fields": {
            "price_group": 7, 
            "menu": 314, 
            "price": "2.70"
        }
    }, 
    {
        "pk": 2368, 
        "model": "menus.price", 
        "fields": {
            "price_group": 8, 
            "menu": 314, 
            "price": "3.50"
        }
    }, 
    {
        "pk": 2369, 
        "model": "menus.price", 
        "fields": {
            "price_group": 1, 
            "menu": 306, 
            "price": "3.20"
        }
    }, 
    {
        "pk": 2370, 
        "model": "menus.price", 
        "fields": {
            "price_group": 2, 
            "menu": 306, 
            "price": "2.70"
        }
    }, 
    {
        "pk": 2371, 
        "model": "menus.price", 
        "fields": {
            "price_group": 3, 
            "menu": 306, 
            "price": "2.40"
        }
    }, 
    {
        "pk": 2372, 
        "model": "menus.price", 
        "fields": {
            "price_group": 4, 
            "menu": 306, 
            "price": "2.70"
        }
    }, 
    {
        "pk": 2373, 
        "model": "menus.price", 
        "fields": {
            "price_group": 5, 
            "menu": 306, 
            "price": "2.40"
        }
    }, 
    {
        "pk": 2374, 
        "model": "menus.price", 
        "fields": {
            "price_group": 6, 
            "menu": 306, 
            "price": "2.50"
        }
    }, 
    {
        "pk": 2375, 
        "model": "menus.price", 
        "fields": {
            "price_group": 7, 
            "menu": 306, 
            "price": "2.70"
        }
    }, 
    {
        "pk": 2376, 
        "model": "menus.price", 
        "fields": {
            "price_group": 8, 
            "menu": 306, 
            "price": "3.50"
        }
    }, 
    {
        "pk": 2385, 
        "model": "menus.price", 
        "fields": {
            "price_group": 2, 
            "menu": 310, 
            "price": "2.70"
        }
    }, 
    {
        "pk": 2386, 
        "model": "menus.price", 
        "fields": {
            "price_group": 1, 
            "menu": 310, 
            "price": "3.20"
        }
    }, 
    {
        "pk": 2387, 
        "model": "menus.price", 
        "fields": {
            "price_group": 3, 
            "menu": 310, 
            "price": "2.40"
        }
    }, 
    {
        "pk": 2388, 
        "model": "menus.price", 
        "fields": {
            "price_group": 7, 
            "menu": 310, 
            "price": "2.70"
        }
    }, 
    {
        "pk": 2389, 
        "model": "menus.price", 
        "fields": {
            "price_group": 8, 
            "menu": 310, 
            "price": "3.50"
        }
    }, 
    {
        "pk": 2390, 
        "model": "menus.price", 
        "fields": {
            "price_group": 1, 
            "menu": 315, 
            "price": "3.20"
        }
    }, 
    {
        "pk": 2391, 
        "model": "menus.price", 
        "fields": {
            "price_group": 2, 
            "menu": 315, 
            "price": "2.70"
        }
    }, 
    {
        "pk": 2392, 
        "model": "menus.price", 
        "fields": {
            "price_group": 3, 
            "menu": 315, 
            "price": "2.40"
        }
    }, 
    {
        "pk": 2393, 
        "model": "menus.price", 
        "fields": {
            "price_group": 4, 
            "menu": 315, 
            "price": "2.70"
        }
    }, 
    {
        "pk": 2394, 
        "model": "menus.price", 
        "fields": {
            "price_group": 5, 
            "menu": 315, 
            "price": "2.40"
        }
    }, 
    {
        "pk": 2395, 
        "model": "menus.price", 
        "fields": {
            "price_group": 6, 
            "menu": 315, 
            "price": "2.50"
        }
    }, 
    {
        "pk": 2396, 
        "model": "menus.price", 
        "fields": {
            "price_group": 7, 
            "menu": 315, 
            "price": "2.70"
        }
    }, 
    {
        "pk": 2397, 
        "model": "menus.price", 
        "fields": {
            "price_group": 8, 
            "menu": 315, 
            "price": "3.50"
        }
    }, 
    {
        "pk": 2398, 
        "model": "menus.price", 
        "fields": {
            "price_group": 1, 
            "menu": 316, 
            "price": "3.20"
        }
    }, 
    {
        "pk": 2399, 
        "model": "menus.price", 
        "fields": {
            "price_group": 2, 
            "menu": 316, 
            "price": "2.70"
        }
    }, 
    {
        "pk": 2400, 
        "model": "menus.price", 
        "fields": {
            "price_group": 3, 
            "menu": 316, 
            "price": "2.40"
        }
    }, 
    {
        "pk": 2401, 
        "model": "menus.price", 
        "fields": {
            "price_group": 4, 
            "menu": 316, 
            "price": "2.70"
        }
    }, 
    {
        "pk": 2402, 
        "model": "menus.price", 
        "fields": {
            "price_group": 5, 
            "menu": 316, 
            "price": "2.40"
        }
    }, 
    {
        "pk": 2403, 
        "model": "menus.price", 
        "fields": {
            "price_group": 6, 
            "menu": 316, 
            "price": "2.50"
        }
    }, 
    {
        "pk": 2404, 
        "model": "menus.price", 
        "fields": {
            "price_group": 7, 
            "menu": 316, 
            "price": "2.70"
        }
    }, 
    {
        "pk": 2405, 
        "model": "menus.price", 
        "fields": {
            "price_group": 8, 
            "menu": 316, 
            "price": "3.50"
        }
    }, 
    {
        "pk": 2406, 
        "model": "menus.price", 
        "fields": {
            "price_group": 1, 
            "menu": 317, 
            "price": "3.20"
        }
    }, 
    {
        "pk": 2407, 
        "model": "menus.price", 
        "fields": {
            "price_group": 2, 
            "menu": 317, 
            "price": "2.70"
        }
    }, 
    {
        "pk": 2408, 
        "model": "menus.price", 
        "fields": {
            "price_group": 3, 
            "menu": 317, 
            "price": "2.40"
        }
    }, 
    {
        "pk": 2409, 
        "model": "menus.price", 
        "fields": {
            "price_group": 4, 
            "menu": 317, 
            "price": "2.70"
        }
    }, 
    {
        "pk": 2410, 
        "model": "menus.price", 
        "fields": {
            "price_group": 5, 
            "menu": 317, 
            "price": "2.40"
        }
    }, 
    {
        "pk": 2411, 
        "model": "menus.price", 
        "fields": {
            "price_group": 6, 
            "menu": 317, 
            "price": "2.50"
        }
    }, 
    {
        "pk": 2412, 
        "model": "menus.price", 
        "fields": {
            "price_group": 7, 
            "menu": 317, 
            "price": "2.70"
        }
    }, 
    {
        "pk": 2413, 
        "model": "menus.price", 
        "fields": {
            "price_group": 8, 
            "menu": 317, 
            "price": "3.50"
        }
    }, 
    {
        "pk": 2422, 
        "model": "menus.price", 
        "fields": {
            "price_group": 1, 
            "menu": 319, 
            "price": "3.20"
        }
    }, 
    {
        "pk": 2423, 
        "model": "menus.price", 
        "fields": {
            "price_group": 2, 
            "menu": 319, 
            "price": "2.70"
        }
    }, 
    {
        "pk": 2424, 
        "model": "menus.price", 
        "fields": {
            "price_group": 3, 
            "menu": 319, 
            "price": "2.40"
        }
    }, 
    {
        "pk": 2425, 
        "model": "menus.price", 
        "fields": {
            "price_group": 4, 
            "menu": 319, 
            "price": "2.70"
        }
    }, 
    {
        "pk": 2426, 
        "model": "menus.price", 
        "fields": {
            "price_group": 5, 
            "menu": 319, 
            "price": "2.40"
        }
    }, 
    {
        "pk": 2427, 
        "model": "menus.price", 
        "fields": {
            "price_group": 6, 
            "menu": 319, 
            "price": "2.50"
        }
    }, 
    {
        "pk": 2428, 
        "model": "menus.price", 
        "fields": {
            "price_group": 7, 
            "menu": 319, 
            "price": "2.70"
        }
    }, 
    {
        "pk": 2429, 
        "model": "menus.price", 
        "fields": {
            "price_group": 8, 
            "menu": 319, 
            "price": "3.50"
        }
    }, 
    {
        "pk": 2430, 
        "model": "menus.price", 
        "fields": {
            "price_group": 2, 
            "menu": 320, 
            "price": "2.70"
        }
    }, 
    {
        "pk": 2431, 
        "model": "menus.price", 
        "fields": {
            "price_group": 1, 
            "menu": 320, 
            "price": "3.20"
        }
    }, 
    {
        "pk": 2432, 
        "model": "menus.price", 
        "fields": {
            "price_group": 3, 
            "menu": 320, 
            "price": "2.40"
        }
    }, 
    {
        "pk": 2433, 
        "model": "menus.price", 
        "fields": {
            "price_group": 7, 
            "menu": 320, 
            "price": "2.70"
        }
    }, 
    {
        "pk": 2434, 
        "model": "menus.price", 
        "fields": {
            "price_group": 8, 
            "menu": 320, 
            "price": "3.50"
        }
    }, 
    {
        "pk": 2435, 
        "model": "menus.price", 
        "fields": {
            "price_group": 2, 
            "menu": 321, 
            "price": "2.70"
        }
    }, 
    {
        "pk": 2436, 
        "model": "menus.price", 
        "fields": {
            "price_group": 1, 
            "menu": 321, 
            "price": "3.20"
        }
    }, 
    {
        "pk": 2437, 
        "model": "menus.price", 
        "fields": {
            "price_group": 3, 
            "menu": 321, 
            "price": "2.40"
        }
    }, 
    {
        "pk": 2438, 
        "model": "menus.price", 
        "fields": {
            "price_group": 7, 
            "menu": 321, 
            "price": "2.70"
        }
    }, 
    {
        "pk": 2439, 
        "model": "menus.price", 
        "fields": {
            "price_group": 8, 
            "menu": 321, 
            "price": "3.50"
        }
    }, 
    {
        "pk": 2440, 
        "model": "menus.price", 
        "fields": {
            "price_group": 2, 
            "menu": 322, 
            "price": "2.70"
        }
    }, 
    {
        "pk": 2441, 
        "model": "menus.price", 
        "fields": {
            "price_group": 1, 
            "menu": 322, 
            "price": "3.20"
        }
    }, 
    {
        "pk": 2442, 
        "model": "menus.price", 
        "fields": {
            "price_group": 3, 
            "menu": 322, 
            "price": "2.40"
        }
    }, 
    {
        "pk": 2443, 
        "model": "menus.price", 
        "fields": {
            "price_group": 7, 
            "menu": 322, 
            "price": "2.70"
        }
    }, 
    {
        "pk": 2444, 
        "model": "menus.price", 
        "fields": {
            "price_group": 8, 
            "menu": 322, 
            "price": "3.50"
        }
    }, 
    {
        "pk": 2450, 
        "model": "menus.price", 
        "fields": {
            "price_group": 2, 
            "menu": 324, 
            "price": "2.70"
        }
    }, 
    {
        "pk": 2451, 
        "model": "menus.price", 
        "fields": {
            "price_group": 1, 
            "menu": 324, 
            "price": "3.20"
        }
    }, 
    {
        "pk": 2452, 
        "model": "menus.price", 
        "fields": {
            "price_group": 3, 
            "menu": 324, 
            "price": "2.40"
        }
    }, 
    {
        "pk": 2453, 
        "model": "menus.price", 
        "fields": {
            "price_group": 7, 
            "menu": 324, 
            "price": "2.70"
        }
    }, 
    {
        "pk": 2454, 
        "model": "menus.price", 
        "fields": {
            "price_group": 8, 
            "menu": 324, 
            "price": "3.50"
        }
    }, 
    {
        "pk": 2455, 
        "model": "menus.price", 
        "fields": {
            "price_group": 1, 
            "menu": 318, 
            "price": "3.20"
        }
    }, 
    {
        "pk": 2456, 
        "model": "menus.price", 
        "fields": {
            "price_group": 2, 
            "menu": 318, 
            "price": "2.70"
        }
    }, 
    {
        "pk": 2457, 
        "model": "menus.price", 
        "fields": {
            "price_group": 3, 
            "menu": 318, 
            "price": "2.40"
        }
    }, 
    {
        "pk": 2458, 
        "model": "menus.price", 
        "fields": {
            "price_group": 4, 
            "menu": 318, 
            "price": "2.70"
        }
    }, 
    {
        "pk": 2459, 
        "model": "menus.price", 
        "fields": {
            "price_group": 5, 
            "menu": 318, 
            "price": "2.40"
        }
    }, 
    {
        "pk": 2460, 
        "model": "menus.price", 
        "fields": {
            "price_group": 6, 
            "menu": 318, 
            "price": "2.50"
        }
    }, 
    {
        "pk": 2461, 
        "model": "menus.price", 
        "fields": {
            "price_group": 7, 
            "menu": 318, 
            "price": "2.70"
        }
    }, 
    {
        "pk": 2462, 
        "model": "menus.price", 
        "fields": {
            "price_group": 8, 
            "menu": 318, 
            "price": "3.50"
        }
    }, 
    {
        "pk": 2463, 
        "model": "menus.price", 
        "fields": {
            "price_group": 2, 
            "menu": 323, 
            "price": "2.70"
        }
    }, 
    {
        "pk": 2464, 
        "model": "menus.price", 
        "fields": {
            "price_group": 1, 
            "menu": 323, 
            "price": "3.20"
        }
    }, 
    {
        "pk": 2465, 
        "model": "menus.price", 
        "fields": {
            "price_group": 3, 
            "menu": 323, 
            "price": "2.40"
        }
    }, 
    {
        "pk": 2466, 
        "model": "menus.price", 
        "fields": {
            "price_group": 7, 
            "menu": 323, 
            "price": "2.70"
        }
    }, 
    {
        "pk": 2467, 
        "model": "menus.price", 
        "fields": {
            "price_group": 8, 
            "menu": 323, 
            "price": "3.50"
        }
    }, 
    {
        "pk": 2476, 
        "model": "menus.price", 
        "fields": {
            "price_group": 2, 
            "menu": 326, 
            "price": "2.70"
        }
    }, 
    {
        "pk": 2477, 
        "model": "menus.price", 
        "fields": {
            "price_group": 1, 
            "menu": 326, 
            "price": "3.20"
        }
    }, 
    {
        "pk": 2478, 
        "model": "menus.price", 
        "fields": {
            "price_group": 3, 
            "menu": 326, 
            "price": "2.40"
        }
    }, 
    {
        "pk": 2479, 
        "model": "menus.price", 
        "fields": {
            "price_group": 7, 
            "menu": 326, 
            "price": "2.70"
        }
    }, 
    {
        "pk": 2480, 
        "model": "menus.price", 
        "fields": {
            "price_group": 8, 
            "menu": 326, 
            "price": "3.50"
        }
    }, 
    {
        "pk": 2481, 
        "model": "menus.price", 
        "fields": {
            "price_group": 1, 
            "menu": 325, 
            "price": "3.20"
        }
    }, 
    {
        "pk": 2482, 
        "model": "menus.price", 
        "fields": {
            "price_group": 2, 
            "menu": 325, 
            "price": "2.70"
        }
    }, 
    {
        "pk": 2483, 
        "model": "menus.price", 
        "fields": {
            "price_group": 3, 
            "menu": 325, 
            "price": "2.40"
        }
    }, 
    {
        "pk": 2484, 
        "model": "menus.price", 
        "fields": {
            "price_group": 4, 
            "menu": 325, 
            "price": "2.70"
        }
    }, 
    {
        "pk": 2485, 
        "model": "menus.price", 
        "fields": {
            "price_group": 5, 
            "menu": 325, 
            "price": "2.40"
        }
    }, 
    {
        "pk": 2486, 
        "model": "menus.price", 
        "fields": {
            "price_group": 6, 
            "menu": 325, 
            "price": "2.50"
        }
    }, 
    {
        "pk": 2487, 
        "model": "menus.price", 
        "fields": {
            "price_group": 7, 
            "menu": 325, 
            "price": "2.70"
        }
    }, 
    {
        "pk": 2488, 
        "model": "menus.price", 
        "fields": {
            "price_group": 8, 
            "menu": 325, 
            "price": "3.50"
        }
    }, 
    {
        "pk": 2489, 
        "model": "menus.price", 
        "fields": {
            "price_group": 1, 
            "menu": 327, 
            "price": "3.20"
        }
    }, 
    {
        "pk": 2490, 
        "model": "menus.price", 
        "fields": {
            "price_group": 2, 
            "menu": 327, 
            "price": "2.70"
        }
    }, 
    {
        "pk": 2491, 
        "model": "menus.price", 
        "fields": {
            "price_group": 3, 
            "menu": 327, 
            "price": "2.40"
        }
    }, 
    {
        "pk": 2492, 
        "model": "menus.price", 
        "fields": {
            "price_group": 4, 
            "menu": 327, 
            "price": "2.70"
        }
    }, 
    {
        "pk": 2493, 
        "model": "menus.price", 
        "fields": {
            "price_group": 5, 
            "menu": 327, 
            "price": "2.40"
        }
    }, 
    {
        "pk": 2494, 
        "model": "menus.price", 
        "fields": {
            "price_group": 6, 
            "menu": 327, 
            "price": "2.50"
        }
    }, 
    {
        "pk": 2495, 
        "model": "menus.price", 
        "fields": {
            "price_group": 7, 
            "menu": 327, 
            "price": "2.70"
        }
    }, 
    {
        "pk": 2496, 
        "model": "menus.price", 
        "fields": {
            "price_group": 8, 
            "menu": 327, 
            "price": "3.50"
        }
    }, 
    {
        "pk": 2497, 
        "model": "menus.price", 
        "fields": {
            "price_group": 2, 
            "menu": 328, 
            "price": "2.70"
        }
    }, 
    {
        "pk": 2498, 
        "model": "menus.price", 
        "fields": {
            "price_group": 1, 
            "menu": 328, 
            "price": "3.20"
        }
    }, 
    {
        "pk": 2499, 
        "model": "menus.price", 
        "fields": {
            "price_group": 3, 
            "menu": 328, 
            "price": "2.40"
        }
    }, 
    {
        "pk": 2500, 
        "model": "menus.price", 
        "fields": {
            "price_group": 7, 
            "menu": 328, 
            "price": "2.70"
        }
    }, 
    {
        "pk": 2501, 
        "model": "menus.price", 
        "fields": {
            "price_group": 8, 
            "menu": 328, 
            "price": "3.50"
        }
    }, 
    {
        "pk": 2510, 
        "model": "menus.price", 
        "fields": {
            "price_group": 2, 
            "menu": 330, 
            "price": "2.70"
        }
    }, 
    {
        "pk": 2511, 
        "model": "menus.price", 
        "fields": {
            "price_group": 1, 
            "menu": 330, 
            "price": "3.20"
        }
    }, 
    {
        "pk": 2512, 
        "model": "menus.price", 
        "fields": {
            "price_group": 3, 
            "menu": 330, 
            "price": "2.40"
        }
    }, 
    {
        "pk": 2513, 
        "model": "menus.price", 
        "fields": {
            "price_group": 7, 
            "menu": 330, 
            "price": "2.70"
        }
    }, 
    {
        "pk": 2514, 
        "model": "menus.price", 
        "fields": {
            "price_group": 8, 
            "menu": 330, 
            "price": "3.50"
        }
    }, 
    {
        "pk": 2536, 
        "model": "menus.price", 
        "fields": {
            "price_group": 1, 
            "menu": 333, 
            "price": "3.20"
        }
    }, 
    {
        "pk": 2537, 
        "model": "menus.price", 
        "fields": {
            "price_group": 2, 
            "menu": 333, 
            "price": "2.70"
        }
    }, 
    {
        "pk": 2538, 
        "model": "menus.price", 
        "fields": {
            "price_group": 3, 
            "menu": 333, 
            "price": "2.40"
        }
    }, 
    {
        "pk": 2539, 
        "model": "menus.price", 
        "fields": {
            "price_group": 4, 
            "menu": 333, 
            "price": "2.70"
        }
    }, 
    {
        "pk": 2540, 
        "model": "menus.price", 
        "fields": {
            "price_group": 5, 
            "menu": 333, 
            "price": "2.40"
        }
    }, 
    {
        "pk": 2541, 
        "model": "menus.price", 
        "fields": {
            "price_group": 6, 
            "menu": 333, 
            "price": "2.50"
        }
    }, 
    {
        "pk": 2542, 
        "model": "menus.price", 
        "fields": {
            "price_group": 7, 
            "menu": 333, 
            "price": "2.70"
        }
    }, 
    {
        "pk": 2543, 
        "model": "menus.price", 
        "fields": {
            "price_group": 8, 
            "menu": 333, 
            "price": "3.50"
        }
    }, 
    {
        "pk": 2544, 
        "model": "menus.price", 
        "fields": {
            "price_group": 1, 
            "menu": 329, 
            "price": "3.20"
        }
    }, 
    {
        "pk": 2545, 
        "model": "menus.price", 
        "fields": {
            "price_group": 2, 
            "menu": 329, 
            "price": "2.70"
        }
    }, 
    {
        "pk": 2546, 
        "model": "menus.price", 
        "fields": {
            "price_group": 3, 
            "menu": 329, 
            "price": "2.40"
        }
    }, 
    {
        "pk": 2547, 
        "model": "menus.price", 
        "fields": {
            "price_group": 4, 
            "menu": 329, 
            "price": "2.70"
        }
    }, 
    {
        "pk": 2548, 
        "model": "menus.price", 
        "fields": {
            "price_group": 5, 
            "menu": 329, 
            "price": "2.40"
        }
    }, 
    {
        "pk": 2549, 
        "model": "menus.price", 
        "fields": {
            "price_group": 6, 
            "menu": 329, 
            "price": "2.50"
        }
    }, 
    {
        "pk": 2550, 
        "model": "menus.price", 
        "fields": {
            "price_group": 7, 
            "menu": 329, 
            "price": "2.70"
        }
    }, 
    {
        "pk": 2551, 
        "model": "menus.price", 
        "fields": {
            "price_group": 8, 
            "menu": 329, 
            "price": "3.50"
        }
    }, 
    {
        "pk": 2552, 
        "model": "menus.price", 
        "fields": {
            "price_group": 2, 
            "menu": 334, 
            "price": "2.70"
        }
    }, 
    {
        "pk": 2553, 
        "model": "menus.price", 
        "fields": {
            "price_group": 1, 
            "menu": 334, 
            "price": "3.20"
        }
    }, 
    {
        "pk": 2554, 
        "model": "menus.price", 
        "fields": {
            "price_group": 3, 
            "menu": 334, 
            "price": "2.40"
        }
    }, 
    {
        "pk": 2555, 
        "model": "menus.price", 
        "fields": {
            "price_group": 7, 
            "menu": 334, 
            "price": "2.70"
        }
    }, 
    {
        "pk": 2556, 
        "model": "menus.price", 
        "fields": {
            "price_group": 8, 
            "menu": 334, 
            "price": "3.50"
        }
    }, 
    {
        "pk": 2573, 
        "model": "menus.price", 
        "fields": {
            "price_group": 1, 
            "menu": 337, 
            "price": "3.20"
        }
    }, 
    {
        "pk": 2574, 
        "model": "menus.price", 
        "fields": {
            "price_group": 2, 
            "menu": 337, 
            "price": "2.70"
        }
    }, 
    {
        "pk": 2575, 
        "model": "menus.price", 
        "fields": {
            "price_group": 3, 
            "menu": 337, 
            "price": "2.40"
        }
    }, 
    {
        "pk": 2576, 
        "model": "menus.price", 
        "fields": {
            "price_group": 4, 
            "menu": 337, 
            "price": "2.70"
        }
    }, 
    {
        "pk": 2577, 
        "model": "menus.price", 
        "fields": {
            "price_group": 5, 
            "menu": 337, 
            "price": "2.40"
        }
    }, 
    {
        "pk": 2578, 
        "model": "menus.price", 
        "fields": {
            "price_group": 6, 
            "menu": 337, 
            "price": "2.50"
        }
    }, 
    {
        "pk": 2579, 
        "model": "menus.price", 
        "fields": {
            "price_group": 7, 
            "menu": 337, 
            "price": "2.70"
        }
    }, 
    {
        "pk": 2580, 
        "model": "menus.price", 
        "fields": {
            "price_group": 8, 
            "menu": 337, 
            "price": "3.50"
        }
    }, 
    {
        "pk": 2589, 
        "model": "menus.price", 
        "fields": {
            "price_group": 1, 
            "menu": 339, 
            "price": "3.20"
        }
    }, 
    {
        "pk": 2590, 
        "model": "menus.price", 
        "fields": {
            "price_group": 2, 
            "menu": 339, 
            "price": "2.70"
        }
    }, 
    {
        "pk": 2591, 
        "model": "menus.price", 
        "fields": {
            "price_group": 3, 
            "menu": 339, 
            "price": "2.40"
        }
    }, 
    {
        "pk": 2592, 
        "model": "menus.price", 
        "fields": {
            "price_group": 4, 
            "menu": 339, 
            "price": "2.70"
        }
    }, 
    {
        "pk": 2593, 
        "model": "menus.price", 
        "fields": {
            "price_group": 5, 
            "menu": 339, 
            "price": "2.40"
        }
    }, 
    {
        "pk": 2594, 
        "model": "menus.price", 
        "fields": {
            "price_group": 6, 
            "menu": 339, 
            "price": "2.50"
        }
    }, 
    {
        "pk": 2595, 
        "model": "menus.price", 
        "fields": {
            "price_group": 7, 
            "menu": 339, 
            "price": "2.70"
        }
    }, 
    {
        "pk": 2596, 
        "model": "menus.price", 
        "fields": {
            "price_group": 8, 
            "menu": 339, 
            "price": "3.50"
        }
    }, 
    {
        "pk": 2623, 
        "model": "menus.price", 
        "fields": {
            "price_group": 2, 
            "menu": 341, 
            "price": "2.70"
        }
    }, 
    {
        "pk": 2624, 
        "model": "menus.price", 
        "fields": {
            "price_group": 1, 
            "menu": 341, 
            "price": "3.20"
        }
    }, 
    {
        "pk": 2625, 
        "model": "menus.price", 
        "fields": {
            "price_group": 3, 
            "menu": 341, 
            "price": "2.40"
        }
    }, 
    {
        "pk": 2626, 
        "model": "menus.price", 
        "fields": {
            "price_group": 7, 
            "menu": 341, 
            "price": "2.70"
        }
    }, 
    {
        "pk": 2627, 
        "model": "menus.price", 
        "fields": {
            "price_group": 8, 
            "menu": 341, 
            "price": "3.50"
        }
    }, 
    {
        "pk": 2628, 
        "model": "menus.price", 
        "fields": {
            "price_group": 2, 
            "menu": 342, 
            "price": "2.70"
        }
    }, 
    {
        "pk": 2629, 
        "model": "menus.price", 
        "fields": {
            "price_group": 1, 
            "menu": 342, 
            "price": "3.20"
        }
    }, 
    {
        "pk": 2630, 
        "model": "menus.price", 
        "fields": {
            "price_group": 3, 
            "menu": 342, 
            "price": "2.40"
        }
    }, 
    {
        "pk": 2631, 
        "model": "menus.price", 
        "fields": {
            "price_group": 7, 
            "menu": 342, 
            "price": "2.70"
        }
    }, 
    {
        "pk": 2632, 
        "model": "menus.price", 
        "fields": {
            "price_group": 8, 
            "menu": 342, 
            "price": "3.50"
        }
    }, 
    {
        "pk": 2641, 
        "model": "menus.price", 
        "fields": {
            "price_group": 1, 
            "menu": 338, 
            "price": "3.20"
        }
    }, 
    {
        "pk": 2642, 
        "model": "menus.price", 
        "fields": {
            "price_group": 2, 
            "menu": 338, 
            "price": "2.70"
        }
    }, 
    {
        "pk": 2643, 
        "model": "menus.price", 
        "fields": {
            "price_group": 3, 
            "menu": 338, 
            "price": "2.40"
        }
    }, 
    {
        "pk": 2644, 
        "model": "menus.price", 
        "fields": {
            "price_group": 4, 
            "menu": 338, 
            "price": "2.70"
        }
    }, 
    {
        "pk": 2645, 
        "model": "menus.price", 
        "fields": {
            "price_group": 5, 
            "menu": 338, 
            "price": "2.40"
        }
    }, 
    {
        "pk": 2646, 
        "model": "menus.price", 
        "fields": {
            "price_group": 6, 
            "menu": 338, 
            "price": "2.50"
        }
    }, 
    {
        "pk": 2647, 
        "model": "menus.price", 
        "fields": {
            "price_group": 7, 
            "menu": 338, 
            "price": "2.70"
        }
    }, 
    {
        "pk": 2648, 
        "model": "menus.price", 
        "fields": {
            "price_group": 8, 
            "menu": 338, 
            "price": "3.50"
        }
    }, 
    {
        "pk": 2649, 
        "model": "menus.price", 
        "fields": {
            "price_group": 2, 
            "menu": 343, 
            "price": "2.70"
        }
    }, 
    {
        "pk": 2650, 
        "model": "menus.price", 
        "fields": {
            "price_group": 1, 
            "menu": 343, 
            "price": "3.20"
        }
    }, 
    {
        "pk": 2651, 
        "model": "menus.price", 
        "fields": {
            "price_group": 3, 
            "menu": 343, 
            "price": "2.40"
        }
    }, 
    {
        "pk": 2652, 
        "model": "menus.price", 
        "fields": {
            "price_group": 7, 
            "menu": 343, 
            "price": "2.70"
        }
    }, 
    {
        "pk": 2653, 
        "model": "menus.price", 
        "fields": {
            "price_group": 8, 
            "menu": 343, 
            "price": "3.50"
        }
    }, 
    {
        "pk": 2664, 
        "model": "menus.price", 
        "fields": {
            "price_group": 2, 
            "menu": 344, 
            "price": "2.70"
        }
    }, 
    {
        "pk": 2665, 
        "model": "menus.price", 
        "fields": {
            "price_group": 1, 
            "menu": 344, 
            "price": "3.20"
        }
    }, 
    {
        "pk": 2666, 
        "model": "menus.price", 
        "fields": {
            "price_group": 3, 
            "menu": 344, 
            "price": "2.40"
        }
    }, 
    {
        "pk": 2667, 
        "model": "menus.price", 
        "fields": {
            "price_group": 7, 
            "menu": 344, 
            "price": "2.70"
        }
    }, 
    {
        "pk": 2668, 
        "model": "menus.price", 
        "fields": {
            "price_group": 8, 
            "menu": 344, 
            "price": "3.50"
        }
    }, 
    {
        "pk": 2669, 
        "model": "menus.price", 
        "fields": {
            "price_group": 1, 
            "menu": 335, 
            "price": "3.20"
        }
    }, 
    {
        "pk": 2670, 
        "model": "menus.price", 
        "fields": {
            "price_group": 2, 
            "menu": 335, 
            "price": "2.70"
        }
    }, 
    {
        "pk": 2671, 
        "model": "menus.price", 
        "fields": {
            "price_group": 3, 
            "menu": 335, 
            "price": "2.40"
        }
    }, 
    {
        "pk": 2672, 
        "model": "menus.price", 
        "fields": {
            "price_group": 4, 
            "menu": 335, 
            "price": "2.70"
        }
    }, 
    {
        "pk": 2673, 
        "model": "menus.price", 
        "fields": {
            "price_group": 5, 
            "menu": 335, 
            "price": "2.40"
        }
    }, 
    {
        "pk": 2674, 
        "model": "menus.price", 
        "fields": {
            "price_group": 6, 
            "menu": 335, 
            "price": "2.50"
        }
    }, 
    {
        "pk": 2675, 
        "model": "menus.price", 
        "fields": {
            "price_group": 7, 
            "menu": 335, 
            "price": "2.70"
        }
    }, 
    {
        "pk": 2676, 
        "model": "menus.price", 
        "fields": {
            "price_group": 8, 
            "menu": 335, 
            "price": "3.50"
        }
    }, 
    {
        "pk": 2677, 
        "model": "menus.price", 
        "fields": {
            "price_group": 2, 
            "menu": 340, 
            "price": "2.70"
        }
    }, 
    {
        "pk": 2678, 
        "model": "menus.price", 
        "fields": {
            "price_group": 1, 
            "menu": 340, 
            "price": "3.20"
        }
    }, 
    {
        "pk": 2679, 
        "model": "menus.price", 
        "fields": {
            "price_group": 3, 
            "menu": 340, 
            "price": "2.40"
        }
    }, 
    {
        "pk": 2680, 
        "model": "menus.price", 
        "fields": {
            "price_group": 7, 
            "menu": 340, 
            "price": "2.70"
        }
    }, 
    {
        "pk": 2681, 
        "model": "menus.price", 
        "fields": {
            "price_group": 8, 
            "menu": 340, 
            "price": "3.50"
        }
    }, 
    {
        "pk": 2682, 
        "model": "menus.price", 
        "fields": {
            "price_group": 1, 
            "menu": 331, 
            "price": "3.20"
        }
    }, 
    {
        "pk": 2683, 
        "model": "menus.price", 
        "fields": {
            "price_group": 2, 
            "menu": 331, 
            "price": "2.70"
        }
    }, 
    {
        "pk": 2684, 
        "model": "menus.price", 
        "fields": {
            "price_group": 3, 
            "menu": 331, 
            "price": "2.40"
        }
    }, 
    {
        "pk": 2685, 
        "model": "menus.price", 
        "fields": {
            "price_group": 4, 
            "menu": 331, 
            "price": "2.70"
        }
    }, 
    {
        "pk": 2686, 
        "model": "menus.price", 
        "fields": {
            "price_group": 5, 
            "menu": 331, 
            "price": "2.40"
        }
    }, 
    {
        "pk": 2687, 
        "model": "menus.price", 
        "fields": {
            "price_group": 6, 
            "menu": 331, 
            "price": "2.50"
        }
    }, 
    {
        "pk": 2688, 
        "model": "menus.price", 
        "fields": {
            "price_group": 7, 
            "menu": 331, 
            "price": "2.70"
        }
    }, 
    {
        "pk": 2689, 
        "model": "menus.price", 
        "fields": {
            "price_group": 8, 
            "menu": 331, 
            "price": "3.50"
        }
    }, 
    {
        "pk": 2690, 
        "model": "menus.price", 
        "fields": {
            "price_group": 2, 
            "menu": 312, 
            "price": "2.70"
        }
    }, 
    {
        "pk": 2691, 
        "model": "menus.price", 
        "fields": {
            "price_group": 1, 
            "menu": 312, 
            "price": "3.20"
        }
    }, 
    {
        "pk": 2692, 
        "model": "menus.price", 
        "fields": {
            "price_group": 3, 
            "menu": 312, 
            "price": "2.40"
        }
    }, 
    {
        "pk": 2693, 
        "model": "menus.price", 
        "fields": {
            "price_group": 7, 
            "menu": 312, 
            "price": "2.70"
        }
    }, 
    {
        "pk": 2694, 
        "model": "menus.price", 
        "fields": {
            "price_group": 8, 
            "menu": 312, 
            "price": "3.50"
        }
    }, 
    {
        "pk": 2703, 
        "model": "menus.price", 
        "fields": {
            "price_group": 1, 
            "menu": 305, 
            "price": "3.20"
        }
    }, 
    {
        "pk": 2704, 
        "model": "menus.price", 
        "fields": {
            "price_group": 2, 
            "menu": 305, 
            "price": "2.70"
        }
    }, 
    {
        "pk": 2705, 
        "model": "menus.price", 
        "fields": {
            "price_group": 3, 
            "menu": 305, 
            "price": "2.40"
        }
    }, 
    {
        "pk": 2706, 
        "model": "menus.price", 
        "fields": {
            "price_group": 4, 
            "menu": 305, 
            "price": "2.70"
        }
    }, 
    {
        "pk": 2707, 
        "model": "menus.price", 
        "fields": {
            "price_group": 5, 
            "menu": 305, 
            "price": "2.40"
        }
    }, 
    {
        "pk": 2708, 
        "model": "menus.price", 
        "fields": {
            "price_group": 6, 
            "menu": 305, 
            "price": "2.50"
        }
    }, 
    {
        "pk": 2709, 
        "model": "menus.price", 
        "fields": {
            "price_group": 7, 
            "menu": 305, 
            "price": "2.70"
        }
    }, 
    {
        "pk": 2710, 
        "model": "menus.price", 
        "fields": {
            "price_group": 8, 
            "menu": 305, 
            "price": "3.50"
        }
    }, 
    {
        "pk": 2711, 
        "model": "menus.price", 
        "fields": {
            "price_group": 8, 
            "menu": 311, 
            "price": "3.50"
        }
    }, 
    {
        "pk": 2712, 
        "model": "menus.price", 
        "fields": {
            "price_group": 1, 
            "menu": 311, 
            "price": "3.20"
        }
    }, 
    {
        "pk": 2713, 
        "model": "menus.price", 
        "fields": {
            "price_group": 2, 
            "menu": 311, 
            "price": "2.70"
        }
    }, 
    {
        "pk": 2714, 
        "model": "menus.price", 
        "fields": {
            "price_group": 3, 
            "menu": 311, 
            "price": "2.40"
        }
    }, 
    {
        "pk": 2715, 
        "model": "menus.price", 
        "fields": {
            "price_group": 7, 
            "menu": 311, 
            "price": "2.70"
        }
    }, 
    {
        "pk": 2716, 
        "model": "menus.price", 
        "fields": {
            "price_group": 5, 
            "menu": 264, 
            "price": "2.40"
        }
    }, 
    {
        "pk": 2717, 
        "model": "menus.price", 
        "fields": {
            "price_group": 6, 
            "menu": 264, 
            "price": "2.50"
        }
    }, 
    {
        "pk": 2718, 
        "model": "menus.price", 
        "fields": {
            "price_group": 8, 
            "menu": 258, 
            "price": "3.50"
        }
    }, 
    {
        "pk": 2719, 
        "model": "menus.price", 
        "fields": {
            "price_group": 1, 
            "menu": 258, 
            "price": "3.20"
        }
    }, 
    {
        "pk": 2720, 
        "model": "menus.price", 
        "fields": {
            "price_group": 2, 
            "menu": 258, 
            "price": "2.70"
        }
    }, 
    {
        "pk": 2721, 
        "model": "menus.price", 
        "fields": {
            "price_group": 3, 
            "menu": 258, 
            "price": "2.40"
        }
    }, 
    {
        "pk": 2722, 
        "model": "menus.price", 
        "fields": {
            "price_group": 7, 
            "menu": 258, 
            "price": "2.70"
        }
    }, 
    {
        "pk": 2725, 
        "model": "menus.price", 
        "fields": {
            "price_group": 5, 
            "menu": 249, 
            "price": "0.55"
        }
    }, 
    {
        "pk": 2726, 
        "model": "menus.price", 
        "fields": {
            "price_group": 6, 
            "menu": 249, 
            "price": "0.60"
        }
    }, 
    {
        "pk": 2727, 
        "model": "menus.price", 
        "fields": {
            "price_group": 1, 
            "menu": 259, 
            "price": "3.20"
        }
    }, 
    {
        "pk": 2728, 
        "model": "menus.price", 
        "fields": {
            "price_group": 2, 
            "menu": 259, 
            "price": "2.70"
        }
    }, 
    {
        "pk": 2729, 
        "model": "menus.price", 
        "fields": {
            "price_group": 3, 
            "menu": 259, 
            "price": "2.40"
        }
    }, 
    {
        "pk": 2730, 
        "model": "menus.price", 
        "fields": {
            "price_group": 4, 
            "menu": 259, 
            "price": "2.70"
        }
    }, 
    {
        "pk": 2731, 
        "model": "menus.price", 
        "fields": {
            "price_group": 5, 
            "menu": 259, 
            "price": "0.55"
        }
    }, 
    {
        "pk": 2732, 
        "model": "menus.price", 
        "fields": {
            "price_group": 6, 
            "menu": 259, 
            "price": "0.80"
        }
    }, 
    {
        "pk": 2733, 
        "model": "menus.price", 
        "fields": {
            "price_group": 7, 
            "menu": 259, 
            "price": "2.70"
        }
    }, 
    {
        "pk": 2734, 
        "model": "menus.price", 
        "fields": {
            "price_group": 8, 
            "menu": 259, 
            "price": "3.50"
        }
    }, 
    {
        "pk": 2735, 
        "model": "menus.price", 
        "fields": {
            "price_group": 8, 
            "menu": 256, 
            "price": "3.50"
        }
    }, 
    {
        "pk": 2736, 
        "model": "menus.price", 
        "fields": {
            "price_group": 1, 
            "menu": 256, 
            "price": "3.20"
        }
    }, 
    {
        "pk": 2737, 
        "model": "menus.price", 
        "fields": {
            "price_group": 2, 
            "menu": 256, 
            "price": "2.70"
        }
    }, 
    {
        "pk": 2738, 
        "model": "menus.price", 
        "fields": {
            "price_group": 3, 
            "menu": 256, 
            "price": "2.40"
        }
    }, 
    {
        "pk": 2739, 
        "model": "menus.price", 
        "fields": {
            "price_group": 7, 
            "menu": 256, 
            "price": "2.70"
        }
    }, 
    {
        "pk": 2740, 
        "model": "menus.price", 
        "fields": {
            "price_group": 1, 
            "menu": 303, 
            "price": "3.20"
        }
    }, 
    {
        "pk": 2741, 
        "model": "menus.price", 
        "fields": {
            "price_group": 2, 
            "menu": 303, 
            "price": "2.70"
        }
    }, 
    {
        "pk": 2742, 
        "model": "menus.price", 
        "fields": {
            "price_group": 3, 
            "menu": 303, 
            "price": "2.40"
        }
    }, 
    {
        "pk": 2743, 
        "model": "menus.price", 
        "fields": {
            "price_group": 4, 
            "menu": 303, 
            "price": "2.70"
        }
    }, 
    {
        "pk": 2744, 
        "model": "menus.price", 
        "fields": {
            "price_group": 5, 
            "menu": 303, 
            "price": "2.40"
        }
    }, 
    {
        "pk": 2745, 
        "model": "menus.price", 
        "fields": {
            "price_group": 6, 
            "menu": 303, 
            "price": "2.50"
        }
    }, 
    {
        "pk": 2746, 
        "model": "menus.price", 
        "fields": {
            "price_group": 7, 
            "menu": 303, 
            "price": "2.70"
        }
    }, 
    {
        "pk": 2747, 
        "model": "menus.price", 
        "fields": {
            "price_group": 8, 
            "menu": 303, 
            "price": "3.50"
        }
    }, 
    {
        "pk": 2748, 
        "model": "menus.price", 
        "fields": {
            "price_group": 5, 
            "menu": 246, 
            "price": "0.55"
        }
    }, 
    {
        "pk": 2749, 
        "model": "menus.price", 
        "fields": {
            "price_group": 6, 
            "menu": 246, 
            "price": "0.80"
        }
    }, 
    {
        "pk": 2750, 
        "model": "menus.price", 
        "fields": {
            "price_group": 5, 
            "menu": 345, 
            "price": "0.55"
        }
    }, 
    {
        "pk": 2751, 
        "model": "menus.price", 
        "fields": {
            "price_group": 6, 
            "menu": 345, 
            "price": "0.80"
        }
    }, 
    {
        "pk": 2752, 
        "model": "menus.price", 
        "fields": {
            "price_group": 1, 
            "menu": 336, 
            "price": "3.20"
        }
    }, 
    {
        "pk": 2753, 
        "model": "menus.price", 
        "fields": {
            "price_group": 2, 
            "menu": 336, 
            "price": "2.70"
        }
    }, 
    {
        "pk": 2754, 
        "model": "menus.price", 
        "fields": {
            "price_group": 3, 
            "menu": 336, 
            "price": "2.40"
        }
    }, 
    {
        "pk": 2755, 
        "model": "menus.price", 
        "fields": {
            "price_group": 4, 
            "menu": 336, 
            "price": "2.70"
        }
    }, 
    {
        "pk": 2756, 
        "model": "menus.price", 
        "fields": {
            "price_group": 5, 
            "menu": 336, 
            "price": "0.55"
        }
    }, 
    {
        "pk": 2757, 
        "model": "menus.price", 
        "fields": {
            "price_group": 6, 
            "menu": 336, 
            "price": "0.80"
        }
    }, 
    {
        "pk": 2758, 
        "model": "menus.price", 
        "fields": {
            "price_group": 7, 
            "menu": 336, 
            "price": "2.70"
        }
    }, 
    {
        "pk": 2759, 
        "model": "menus.price", 
        "fields": {
            "price_group": 8, 
            "menu": 336, 
            "price": "3.50"
        }
    }, 
    {
        "pk": 2762, 
        "model": "menus.price", 
        "fields": {
            "price_group": 5, 
            "menu": 346, 
            "price": "0.55"
        }
    }, 
    {
        "pk": 2763, 
        "model": "menus.price", 
        "fields": {
            "price_group": 6, 
            "menu": 346, 
            "price": "0.80"
        }
    }, 
    {
        "pk": 2764, 
        "model": "menus.price", 
        "fields": {
            "price_group": 5, 
            "menu": 347, 
            "price": "0.55"
        }
    }, 
    {
        "pk": 2765, 
        "model": "menus.price", 
        "fields": {
            "price_group": 6, 
            "menu": 347, 
            "price": "0.80"
        }
    }, 
    {
        "pk": 2783, 
        "model": "menus.price", 
        "fields": {
            "price_group": 3, 
            "menu": 349, 
            "price": "2.40"
        }
    }, 
    {
        "pk": 2784, 
        "model": "menus.price", 
        "fields": {
            "price_group": 8, 
            "menu": 349, 
            "price": "3.50"
        }
    }, 
    {
        "pk": 2785, 
        "model": "menus.price", 
        "fields": {
            "price_group": 7, 
            "menu": 349, 
            "price": "2.70"
        }
    }, 
    {
        "pk": 2786, 
        "model": "menus.price", 
        "fields": {
            "price_group": 1, 
            "menu": 349, 
            "price": "3.20"
        }
    }, 
    {
        "pk": 2787, 
        "model": "menus.price", 
        "fields": {
            "price_group": 2, 
            "menu": 349, 
            "price": "2.70"
        }
    }, 
    {
        "pk": 2796, 
        "model": "menus.price", 
        "fields": {
            "price_group": 3, 
            "menu": 350, 
            "price": "2.40"
        }
    }, 
    {
        "pk": 2797, 
        "model": "menus.price", 
        "fields": {
            "price_group": 8, 
            "menu": 350, 
            "price": "3.50"
        }
    }, 
    {
        "pk": 2798, 
        "model": "menus.price", 
        "fields": {
            "price_group": 7, 
            "menu": 350, 
            "price": "2.70"
        }
    }, 
    {
        "pk": 2799, 
        "model": "menus.price", 
        "fields": {
            "price_group": 1, 
            "menu": 350, 
            "price": "3.20"
        }
    }, 
    {
        "pk": 2800, 
        "model": "menus.price", 
        "fields": {
            "price_group": 2, 
            "menu": 350, 
            "price": "2.70"
        }
    }, 
    {
        "pk": 2801, 
        "model": "menus.price", 
        "fields": {
            "price_group": 5, 
            "menu": 351, 
            "price": "0.55"
        }
    }, 
    {
        "pk": 2802, 
        "model": "menus.price", 
        "fields": {
            "price_group": 6, 
            "menu": 351, 
            "price": "0.80"
        }
    }, 
    {
        "pk": 2803, 
        "model": "menus.price", 
        "fields": {
            "price_group": 5, 
            "menu": 352, 
            "price": "0.55"
        }
    }, 
    {
        "pk": 2804, 
        "model": "menus.price", 
        "fields": {
            "price_group": 6, 
            "menu": 352, 
            "price": "0.80"
        }
    }, 
    {
        "pk": 2805, 
        "model": "menus.price", 
        "fields": {
            "price_group": 1, 
            "menu": 353, 
            "price": "3.20"
        }
    }, 
    {
        "pk": 2806, 
        "model": "menus.price", 
        "fields": {
            "price_group": 2, 
            "menu": 353, 
            "price": "2.70"
        }
    }, 
    {
        "pk": 2807, 
        "model": "menus.price", 
        "fields": {
            "price_group": 3, 
            "menu": 353, 
            "price": "2.40"
        }
    }, 
    {
        "pk": 2808, 
        "model": "menus.price", 
        "fields": {
            "price_group": 4, 
            "menu": 353, 
            "price": "2.70"
        }
    }, 
    {
        "pk": 2809, 
        "model": "menus.price", 
        "fields": {
            "price_group": 5, 
            "menu": 353, 
            "price": "2.40"
        }
    }, 
    {
        "pk": 2810, 
        "model": "menus.price", 
        "fields": {
            "price_group": 6, 
            "menu": 353, 
            "price": "2.50"
        }
    }, 
    {
        "pk": 2811, 
        "model": "menus.price", 
        "fields": {
            "price_group": 7, 
            "menu": 353, 
            "price": "2.70"
        }
    }, 
    {
        "pk": 2812, 
        "model": "menus.price", 
        "fields": {
            "price_group": 8, 
            "menu": 353, 
            "price": "3.50"
        }
    }, 
    {
        "pk": 2836, 
        "model": "menus.price", 
        "fields": {
            "price_group": 3, 
            "menu": 356, 
            "price": "2.40"
        }
    }, 
    {
        "pk": 2837, 
        "model": "menus.price", 
        "fields": {
            "price_group": 8, 
            "menu": 356, 
            "price": "3.50"
        }
    }, 
    {
        "pk": 2838, 
        "model": "menus.price", 
        "fields": {
            "price_group": 7, 
            "menu": 356, 
            "price": "2.70"
        }
    }, 
    {
        "pk": 2839, 
        "model": "menus.price", 
        "fields": {
            "price_group": 1, 
            "menu": 356, 
            "price": "3.20"
        }
    }, 
    {
        "pk": 2883, 
        "model": "menus.price", 
        "fields": {
            "price_group": 3, 
            "menu": 365, 
            "price": "2.40"
        }
    }, 
    {
        "pk": 2884, 
        "model": "menus.price", 
        "fields": {
            "price_group": 8, 
            "menu": 365, 
            "price": "3.50"
        }
    }, 
    {
        "pk": 2885, 
        "model": "menus.price", 
        "fields": {
            "price_group": 7, 
            "menu": 365, 
            "price": "2.70"
        }
    }, 
    {
        "pk": 2886, 
        "model": "menus.price", 
        "fields": {
            "price_group": 1, 
            "menu": 365, 
            "price": "3.20"
        }
    }, 
    {
        "pk": 8, 
        "model": "menus.menupreparation", 
        "fields": {
            "allergens": [], 
            "order_timelimit": "2016-07-27T23:59:00", 
            "mealplan": null, 
            "description": "Schweinebraten mit Salzkartoffeln, Rotkohl und So\u00dfe", 
            "created": "2016-07-12T18:24:56.033", 
            "cancel_timelimit": "2016-08-03T08:00:00", 
            "disabled": false, 
            "additionals": [
                1
            ], 
            "date": "2016-08-03", 
            "can_be_ordered": true, 
            "meal": 2
        }
    }, 
    {
        "pk": 27, 
        "model": "menus.pricepreparation", 
        "fields": {
            "price_group": 1, 
            "menu": 8, 
            "price": "3.20"
        }
    }, 
    {
        "pk": 28, 
        "model": "menus.pricepreparation", 
        "fields": {
            "price_group": 2, 
            "menu": 8, 
            "price": "2.70"
        }
    }, 
    {
        "pk": 29, 
        "model": "menus.pricepreparation", 
        "fields": {
            "price_group": 3, 
            "menu": 8, 
            "price": "2.40"
        }
    }, 
    {
        "pk": 30, 
        "model": "menus.pricepreparation", 
        "fields": {
            "price_group": 4, 
            "menu": 8, 
            "price": "2.70"
        }
    }, 
    {
        "pk": 31, 
        "model": "menus.pricepreparation", 
        "fields": {
            "price_group": 5, 
            "menu": 8, 
            "price": "2.40"
        }
    }, 
    {
        "pk": 32, 
        "model": "menus.pricepreparation", 
        "fields": {
            "price_group": 6, 
            "menu": 8, 
            "price": "2.50"
        }
    }, 
    {
        "pk": 33, 
        "model": "menus.pricepreparation", 
        "fields": {
            "price_group": 7, 
            "menu": 8, 
            "price": "2.70"
        }
    }, 
    {
        "pk": 34, 
        "model": "menus.pricepreparation", 
        "fields": {
            "price_group": 8, 
            "menu": 8, 
            "price": "3.50"
        }
    }
]
